,dia,competicion,visita_local,equipo_local,equipo_visitante,marcador_local,marcador_visitante,goles_anotados,asistencias,minutos_jugados
0,08/06/2025,Nations League,N,Portugal,Spain,2,2,1,0,88
1,04/06/2025,Nations League,A,Germany,Portugal,1,2,1,0,89
2,26/05/2025,Saudi Pro League,A,Al Fateh,Al Nassr,3,2,1,0,90
3,21/05/2025,Saudi Pro League,H,Al Nassr,Al-Khaleej,2,0,1,0,90
4,07/05/2025,Saudi Pro League,H,Al Nassr,Al-Ittihad,2,3,0,0,90
5,30/04/2025,AFC Champions League,H,Al Nassr,Kawasaki,2,3,0,0,90
6,26/04/2025,AFC Champions League,H,Al Nassr,Yokohama FM,4,1,1,0,67
7,18/04/2025,Saudi Pro League,A,Al Qadasiya,Al Nassr,2,1,0,0,90
8,12/04/2025,Saudi Pro League,H,Al Nassr,Al Riyadh,2,1,2,0,90
9,04/04/2025,Saudi Pro League,A,Al Hilal,Al Nassr,1,3,2,0,90
10,23/03/2025,Nations League,H,Portugal,Denmark,5,2,1,0,90
11,20/03/2025,Nations League,A,Denmark,Portugal,1,0,0,0,90
12,14/03/2025,Saudi Pro League,H,Al Nassr,Al-Kholood,3,1,1,0,61
13,10/03/2025,AFC Champions League,H,Al Nassr,Esteghlal,3,0,1,0,90
14,07/03/2025,Saudi Pro League,H,Al Nassr,Al Shabab,2,2,1,0,71
15,28/02/2025,Saudi Pro League,A,Al-Orobah,Al Nassr,2,1,0,0,90
16,25/02/2025,Saudi Pro League,A,Al-Wehda,Al Nassr,0,2,1,0,90
17,21/02/2025,Saudi Pro League,H,Al Nassr,Al-Ettifaq,2,3,0,0,90
18,13/02/2025,Saudi Pro League,A,Al-Ahli,Al Nassr,2,3,0,0,76
19,07/02/2025,Saudi Pro League,H,Al Nassr,Al Feiha,3,0,1,0,84
20,03/02/2025,AFC Champions League,H,Al Nassr,Al-Wasl,4,0,2,0,81
21,30/01/2025,Saudi Pro League,A,Al-Raed,Al Nassr,1,2,1,1,90
22,26/01/2025,Saudi Pro League,H,Al Nassr,Al Fateh,3,1,1,0,90
23,21/01/2025,Saudi Pro League,A,Al-Khaleej,Al Nassr,1,3,2,0,90
24,17/01/2025,Saudi Pro League,A,Al-Taawoun,Al Nassr,1,1,0,0,90
25,09/01/2025,Saudi Pro League,H,Al Nassr,Al Akhdoud,3,1,1,0,90
26,06/12/2024,Saudi Pro League,A,Al-Ittihad,Al Nassr,2,1,1,0,90
27,29/11/2024,Saudi Pro League,H,Al Nassr,Damac,2,0,2,0,90
28,25/11/2024,AFC Champions League,A,Al-Gharafa,Al Nassr,1,3,2,0,90
29,22/11/2024,Saudi Pro League,H,Al Nassr,Al Qadasiya,1,2,1,0,90
30,15/11/2024,Nations League,H,Portugal,Poland,5,1,2,1,90
31,08/11/2024,Saudi Pro League,A,Al Riyadh,Al Nassr,0,1,0,0,90
32,05/11/2024,AFC Champions League,H,Al Nassr,Al-Ain,5,1,1,0,79
33,01/11/2024,Saudi Pro League,H,Al Nassr,Al Hilal,1,1,0,0,90
34,29/10/2024,Saudi King Cup,H,Al Nassr,Al-Taawoun,0,1,0,0,90
35,22/10/2024,AFC Champions League,A,Esteghlal,Al Nassr,0,1,0,0,90
36,18/10/2024,Saudi Pro League,A,Al Shabab,Al Nassr,1,2,1,0,90
37,15/10/2024,Nations League,A,Scotland,Portugal,0,0,0,0,90
38,12/10/2024,Nations League,A,Poland,Portugal,1,3,1,0,62
39,05/10/2024,Saudi Pro League,H,Al Nassr,Al-Orobah,3,0,1,1,83
40,30/09/2024,AFC Champions League,H,Al Nassr,Al-Rayyan,2,1,1,0,90
41,27/09/2024,Saudi Pro League,H,Al Nassr,Al-Wehda,2,0,1,0,90
42,20/09/2024,Saudi Pro League,A,Al-Ettifaq,Al Nassr,0,3,1,0,90
43,13/09/2024,Saudi Pro League,H,Al Nassr,Al-Ahli,1,1,0,0,90
44,08/09/2024,Nations League,H,Portugal,Scotland,2,1,1,0,45
45,05/09/2024,Nations League,H,Portugal,Croatia,2,1,1,0,87
46,27/08/2024,Saudi Pro League,A,Al Feiha,Al Nassr,1,4,1,1,90
47,22/08/2024,Saudi Pro League,H,Al Nassr,Al-Raed,1,1,1,0,90
48,17/08/2024,Saudi Super Cup,N,Al Nassr,Al Hilal,1,4,1,0,90
49,14/08/2024,Saudi Super Cup,N,Al Nassr,Al-Taawoun,2,0,1,1,81
50,05/07/2024,UEFA Euros,N,Portugal,France,0,0,0,0,120
51,01/07/2024,UEFA Euros,N,Portugal,Slovenia,0,0,0,0,120
52,26/06/2024,UEFA Euros,N,Portugal,Georgia,0,2,0,0,66
53,22/06/2024,UEFA Euros,N,Portugal,Turkey,3,0,0,1,90
54,18/06/2024,UEFA Euros,N,Portugal,Czech Republic,2,1,0,0,90
55,11/06/2024,International Friendly,H,Portugal,Republic of Ireland,3,0,2,0,90
56,31/05/2024,Saudi King Cup,N,Al Nassr,Al Hilal,1,1,0,0,120
57,27/05/2024,Saudi Pro League,H,Al Nassr,Al-Ittihad,4,2,2,0,74
58,23/05/2024,Saudi Pro League,A,Al Riyadh,Al Nassr,2,2,0,0,90
59,17/05/2024,Saudi Pro League,H,Al Nassr,Al Hilal,1,1,0,1,90
60,09/05/2024,Saudi Pro League,A,Al Akhdoud,Al Nassr,2,3,1,0,90
61,04/05/2024,Saudi Pro League,H,Al Nassr,Al-Wehda,6,0,3,0,79
62,01/05/2024,Saudi King Cup,H,Al Nassr,Al-Khaleej,3,1,2,0,90
63,27/04/2024,Saudi Pro League,A,Al-Khaleej,Al Nassr,0,1,0,0,90
64,08/04/2024,Saudi Super Cup,N,Al Nassr,Al Hilal,1,2,0,0,86
65,06/04/2024,Saudi Pro League,A,Damac,Al Nassr,0,1,0,0,24
66,02/04/2024,Saudi Pro League,A,Abha,Al Nassr,0,8,3,1,45
67,30/03/2024,Saudi Pro League,H,Al Nassr,Al Taee,5,1,3,0,90
68,26/03/2024,International Friendly,A,Slovenia,Portugal,2,0,0,0,90
69,15/03/2024,Saudi Pro League,A,Al-Ahli,Al Nassr,0,1,1,0,90
70,11/03/2024,AFC Champions League,H,Al Nassr,Al-Ain,4,3,1,0,120
71,07/03/2024,Saudi Pro League,H,Al Nassr,Al-Raed,1,3,0,0,90
72,04/03/2024,AFC Champions League,A,Al-Ain,Al Nassr,1,0,0,0,90
73,25/02/2024,Saudi Pro League,A,Al Shabab,Al Nassr,2,3,1,0,90
74,21/02/2024,AFC Champions League,H,Al Nassr,Al Feiha,2,0,1,0,90
75,17/02/2024,Saudi Pro League,H,Al Nassr,Al Fateh,2,1,1,0,90
76,14/02/2024,AFC Champions League,A,Al Feiha,Al Nassr,0,1,1,0,90
77,30/12/2023,Saudi Pro League,A,Al-Taawoun,Al Nassr,1,4,1,0,90
78,26/12/2023,Saudi Pro League,A,Al-Ittihad,Al Nassr,2,5,2,0,90
79,22/12/2023,Saudi Pro League,H,Al Nassr,Al-Ettifaq,3,1,1,1,90
80,11/12/2023,Saudi King Cup,A,Al Shabab,Al Nassr,2,5,1,0,82
81,08/12/2023,Saudi Pro League,H,Al Nassr,Al Riyadh,4,1,1,1,90
82,01/12/2023,Saudi Pro League,A,Al Hilal,Al Nassr,3,0,0,0,90
83,27/11/2023,AFC Champions League,H,Al Nassr,Persepolis,0,0,0,0,78
84,24/11/2023,Saudi Pro League,H,Al Nassr,Al Akhdoud,3,0,2,0,90
85,19/11/2023,Euros Qualifier,H,Portugal,Iceland,2,0,0,1,90
86,16/11/2023,Euros Qualifier,A,Liechtenstein,Portugal,0,2,1,0,67
87,11/11/2023,Saudi Pro League,A,Al-Wehda,Al Nassr,1,3,1,0,90
88,04/11/2023,Saudi Pro League,H,Al Nassr,Al-Khaleej,2,0,1,1,90
89,31/10/2023,Saudi King Cup,H,Al Nassr,Al-Ettifaq,1,0,0,0,120
90,28/10/2023,Saudi Pro League,A,Al Feiha,Al Nassr,1,3,0,1,90
91,24/10/2023,AFC Champions League,H,Al Nassr,Al Duhail,4,3,2,1,90
92,21/10/2023,Saudi Pro League,H,Al Nassr,Damac,2,1,1,0,90
93,16/10/2023,Euros Qualifier,A,Bosnia and Herzegovina,Portugal,0,5,2,1,65
94,13/10/2023,Euros Qualifier,H,Portugal,Slovakia,3,2,2,0,90
95,06/10/2023,Saudi Pro League,H,Al Nassr,Abha,2,2,0,0,90
96,02/10/2023,AFC Champions League,H,Al Nassr,Istiklol,3,1,1,0,90
97,29/09/2023,Saudi Pro League,A,Al Taee,Al Nassr,1,2,1,1,90
98,22/09/2023,Saudi Pro League,H,Al Nassr,Al-Ahli,4,3,2,0,90
99,19/09/2023,AFC Champions League,A,Persepolis,Al Nassr,0,2,0,0,90
100,16/09/2023,Saudi Pro League,A,Al-Raed,Al Nassr,0,3,1,0,90
101,08/09/2023,Euros Qualifier,A,Slovakia,Portugal,0,1,0,0,90
102,02/09/2023,Saudi Pro League,A,Al-Hazm,Al Nassr,1,5,1,2,90
103,29/08/2023,Saudi Pro League,H,Al Nassr,Al Shabab,4,0,2,1,86
104,25/08/2023,Saudi Pro League,A,Al Fateh,Al Nassr,0,5,3,1,90
105,22/08/2023,AFC Champions League,H,Al Nassr,Shabab Al Ahli,4,2,0,1,90
106,18/08/2023,Saudi Pro League,H,Al Nassr,Al-Taawoun,0,2,0,0,90
107,12/08/2023,Arab Club Champions Cup,N,Al Nassr,Al Hilal,2,1,2,0,115
108,09/08/2023,Arab Club Champions Cup,N,Al Nassr,Al-Shorta,1,0,1,0,90
109,06/08/2023,Arab Club Champions Cup,N,Al Nassr,Raja CA,3,1,1,0,90
110,03/08/2023,Arab Club Champions Cup,N,Al Nassr,Zamalek,1,1,1,0,90
111,31/07/2023,Arab Club Champions Cup,N,Al Nassr,US Monastir,4,1,1,0,90
112,28/07/2023,Arab Club Champions Cup,N,Al Nassr,Al Shabab,0,0,0,0,28
113,20/06/2023,Euros Qualifier,A,Iceland,Portugal,0,1,1,0,90
114,17/06/2023,Euros Qualifier,H,Portugal,Bosnia and Herzegovina,3,0,0,0,90
115,27/05/2023,Saudi Pro League,A,Al-Ettifaq,Al Nassr,1,1,0,0,84
116,23/05/2023,Saudi Pro League,H,Al Nassr,Al Shabab,3,2,1,0,90
117,16/05/2023,Saudi Pro League,A,Al Taee,Al Nassr,0,2,1,0,90
118,08/05/2023,Saudi Pro League,H,Al Nassr,Al-Khaleej,1,1,0,0,90
119,28/04/2023,Saudi Pro League,H,Al Nassr,Al-Raed,4,0,1,0,90
120,24/04/2023,Saudi King Cup,H,Al Nassr,Al-Wehda,0,1,0,0,90
121,18/04/2023,Saudi Pro League,A,Al Hilal,Al Nassr,2,0,0,0,90
122,09/04/2023,Saudi Pro League,A,Al Feiha,Al Nassr,0,0,0,0,90
123,04/04/2023,Saudi Pro League,A,Al-Adalah,Al Nassr,0,5,2,0,90
124,26/03/2023,Euros Qualifier,A,Luxembourg,Portugal,0,6,2,0,64
125,23/03/2023,Euros Qualifier,H,Portugal,Liechtenstein,4,0,2,0,78
126,18/03/2023,Saudi Pro League,H,Al Nassr,Abha,2,1,1,0,90
127,14/03/2023,Saudi King Cup,H,Al Nassr,Abha,3,1,0,0,87
128,09/03/2023,Saudi Pro League,A,Al-Ittihad,Al Nassr,1,0,0,0,90
129,03/03/2023,Saudi Pro League,H,Al Nassr,Al-Batin,3,1,0,0,90
130,25/02/2023,Saudi Pro League,A,Damac,Al Nassr,0,3,3,0,90
131,17/02/2023,Saudi Pro League,H,Al Nassr,Al-Taawoun,2,1,0,2,90
132,09/02/2023,Saudi Pro League,A,Al-Wehda,Al Nassr,0,4,4,0,90
133,03/02/2023,Saudi Pro League,A,Al Fateh,Al Nassr,2,2,1,0,90
134,26/01/2023,Saudi Super Cup,N,Al Nassr,Al-Ittihad,1,3,0,0,90
135,22/01/2023,Saudi Pro League,H,Al Nassr,Al-Ettifaq,1,0,0,0,90
136,10/12/2022,World Cup,N,Portugal,Morocco,0,1,0,0,39
137,06/12/2022,World Cup,N,Portugal,Switzerland,6,1,0,0,16
138,02/12/2022,World Cup,N,Portugal,South Korea,1,2,0,0,65
139,28/11/2022,World Cup,N,Portugal,Uruguay,2,0,0,0,81
140,24/11/2022,World Cup,N,Portugal,Ghana,3,2,1,0,87
141,06/11/2022,Premier League,A,Aston Villa,Manchester United,3,1,0,0,90
142,03/11/2022,Europa League,A,Real Sociedad,Manchester United,0,1,0,1,90
143,30/10/2022,Premier League,H,Manchester United,West Ham United,1,0,0,0,90
144,27/10/2022,Europa League,H,Manchester United,FC Sheriff,3,0,1,0,90
145,16/10/2022,Premier League,H,Manchester United,Newcastle United,0,0,0,0,72
146,13/10/2022,Europa League,H,Manchester United,Omonia,1,0,0,0,90
147,09/10/2022,Premier League,A,Everton,Manchester United,1,2,1,0,61
148,06/10/2022,Europa League,A,Omonia,Manchester United,2,3,0,1,90
149,27/09/2022,Nations League,H,Portugal,Spain,0,1,0,0,90
150,24/09/2022,Nations League,A,Czech Republic,Portugal,0,4,0,1,90
151,15/09/2022,Europa League,A,FC Sheriff,Manchester United,0,2,1,0,81
152,08/09/2022,Europa League,H,Manchester United,Real Sociedad,0,1,0,0,90
153,04/09/2022,Premier League,H,Manchester United,Arsenal,3,1,0,0,32
154,01/09/2022,Premier League,A,Leicester City,Manchester United,0,1,0,0,22
155,27/08/2022,Premier League,A,Southampton,Manchester United,0,1,0,0,22
156,22/08/2022,Premier League,H,Manchester United,Liverpool,2,1,0,0,4
157,13/08/2022,Premier League,A,Brentford,Manchester United,4,0,0,0,90
158,07/08/2022,Premier League,H,Manchester United,Brighton,1,2,0,0,37
159,09/06/2022,Nations League,H,Portugal,Czech Republic,2,0,0,0,90
160,05/06/2022,Nations League,H,Portugal,Switzerland,4,0,2,0,90
161,02/06/2022,Nations League,A,Spain,Portugal,1,1,0,0,28
162,07/05/2022,Premier League,A,Brighton,Manchester United,4,0,0,0,90
163,02/05/2022,Premier League,H,Manchester United,Brentford,3,0,1,0,90
164,28/04/2022,Premier League,H,Manchester United,Chelsea,1,1,1,0,90
165,23/04/2022,Premier League,A,Arsenal,Manchester United,3,1,1,0,90
166,16/04/2022,Premier League,H,Manchester United,Norwich City,3,2,3,0,90
167,09/04/2022,Premier League,A,Everton,Manchester United,1,0,0,0,90
168,29/03/2022,World Cup Qualifier,H,Portugal,North Macedonia,2,0,0,1,90
169,24/03/2022,World Cup Qualifier,H,Portugal,Turkey,3,1,0,0,90
170,15/03/2022,Champs League,H,Manchester United,Atletico Madrid,0,1,0,0,90
171,12/03/2022,Premier League,H,Manchester United,Tottenham Hotspur,3,2,3,0,82
172,26/02/2022,Premier League,H,Manchester United,Watford,0,0,0,0,90
173,23/02/2022,Champs League,A,Atletico Madrid,Manchester United,1,1,0,0,90
174,20/02/2022,Premier League,A,Leeds United,Manchester United,2,4,0,0,85
175,15/02/2022,Premier League,H,Manchester United,Brighton,2,0,1,0,90
176,12/02/2022,Premier League,H,Manchester United,Southampton,1,1,0,0,90
177,08/02/2022,Premier League,A,Burnley,Manchester United,1,1,0,0,22
178,04/02/2022,FA Cup,H,Manchester United,Middlesbrough,1,1,0,0,120
179,22/01/2022,Premier League,H,Manchester United,West Ham United,1,0,0,0,90
180,19/01/2022,Premier League,A,Brentford,Manchester United,1,3,0,0,71
181,03/01/2022,Premier League,H,Manchester United,Wolverhampton Wanderers,0,1,0,0,90
182,30/12/2021,Premier League,H,Manchester United,Burnley,3,1,1,1,90
183,27/12/2021,Premier League,A,Newcastle United,Manchester United,1,1,0,0,90
184,11/12/2021,Premier League,A,Norwich City,Manchester United,0,1,1,0,90
185,05/12/2021,Premier League,H,Manchester United,Crystal Palace,1,0,0,0,90
186,02/12/2021,Premier League,H,Manchester United,Arsenal,3,2,2,0,89
187,28/11/2021,Premier League,A,Chelsea,Manchester United,1,1,0,0,26
188,23/11/2021,Champs League,A,Villarreal,Manchester United,0,2,1,0,90
189,20/11/2021,Premier League,A,Watford,Manchester United,4,1,0,1,90
190,14/11/2021,World Cup Qualifier,H,Portugal,Serbia,1,2,0,0,90
191,11/11/2021,World Cup Qualifier,A,Republic of Ireland,Portugal,0,0,0,0,90
192,06/11/2021,Premier League,H,Manchester United,Manchester City,0,2,0,0,90
193,02/11/2021,Champs League,A,Atalanta,Manchester United,2,2,2,0,90
194,30/10/2021,Premier League,A,Tottenham Hotspur,Manchester United,0,3,1,1,71
195,24/10/2021,Premier League,H,Manchester United,Liverpool,0,5,0,0,90
196,20/10/2021,Champs League,H,Manchester United,Atalanta,3,2,1,0,90
197,16/10/2021,Premier League,A,Leicester City,Manchester United,4,2,0,0,90
198,12/10/2021,World Cup Qualifier,H,Portugal,Luxembourg,5,0,3,0,90
199,09/10/2021,International Friendly,H,Portugal,Qatar,3,0,1,0,45
200,02/10/2021,Premier League,H,Manchester United,Everton,1,1,0,0,34
201,29/09/2021,Champs League,H,Manchester United,Villarreal,2,1,1,0,90
202,25/09/2021,Premier League,H,Manchester United,Aston Villa,0,1,0,0,90
203,19/09/2021,Premier League,A,West Ham United,Manchester United,1,2,1,0,90
204,14/09/2021,Champs League,A,Young Boys,Manchester United,2,1,1,0,72
205,11/09/2021,Premier League,H,Manchester United,Newcastle United,4,1,2,0,90
206,01/09/2021,World Cup Qualifier,H,Portugal,Republic of Ireland,2,1,2,0,90
207,22/08/2021,Serie A,A,Udinese,Juventus,2,2,0,0,30
208,27/06/2021,UEFA Euros,N,Portugal,Belgium,0,1,0,0,90
209,23/06/2021,UEFA Euros,N,Portugal,France,2,2,2,0,90
210,19/06/2021,UEFA Euros,A,Germany,Portugal,4,2,1,1,90
211,15/06/2021,UEFA Euros,A,Hungary,Portugal,0,3,2,0,90
212,09/06/2021,International Friendly,H,Portugal,Israel,4,0,1,0,71
213,04/06/2021,International Friendly,A,Spain,Portugal,0,0,0,0,90
214,19/05/2021,Coppa Italia,N,Juventus,Atalanta,2,1,0,0,90
215,15/05/2021,Serie A,H,Juventus,Inter Milan,3,2,1,0,70
216,12/05/2021,Serie A,A,Sassuolo,Juventus,1,3,1,0,90
217,09/05/2021,Serie A,H,Juventus,AC Milan,0,3,0,0,90
218,02/05/2021,Serie A,A,Udinese,Juventus,1,2,2,0,90
219,25/04/2021,Serie A,A,Fiorentina,Juventus,1,1,0,0,90
220,21/04/2021,Serie A,H,Juventus,Parma,3,1,0,0,90
221,11/04/2021,Serie A,H,Juventus,Genoa,3,1,0,0,90
222,07/04/2021,Serie A,H,Juventus,Napoli,2,1,1,0,90
223,03/04/2021,Serie A,A,Torino,Juventus,2,2,1,0,90
224,30/03/2021,World Cup Qualifier,A,Luxembourg,Portugal,1,3,1,0,90
225,27/03/2021,World Cup Qualifier,A,Serbia,Portugal,2,2,0,0,90
226,24/03/2021,World Cup Qualifier,H,Portugal,Azerbaijan,1,0,0,0,90
227,21/03/2021,Serie A,H,Juventus,Benevento,0,1,0,0,90
228,14/03/2021,Serie A,A,Cagliari,Juventus,1,3,3,0,90
229,09/03/2021,Champs League,H,Juventus,FC Porto,3,2,0,1,120
230,06/03/2021,Serie A,H,Juventus,Lazio,3,1,0,0,21
231,02/03/2021,Serie A,H,Juventus,Spezia,3,0,1,0,90
232,27/02/2021,Serie A,A,Verona,Juventus,1,1,1,0,90
233,22/02/2021,Serie A,H,Juventus,Crotone,3,0,2,0,90
234,17/02/2021,Champs League,A,FC Porto,Juventus,2,1,0,0,90
235,13/02/2021,Serie A,A,Napoli,Juventus,1,0,0,0,90
236,09/02/2021,Coppa Italia,H,Juventus,Inter Milan,0,0,0,0,90
237,06/02/2021,Serie A,H,Juventus,Roma,2,0,1,0,90
238,02/02/2021,Coppa Italia,A,Inter Milan,Juventus,1,2,2,0,76
239,30/01/2021,Serie A,A,Sampdoria,Juventus,0,2,0,0,90
240,24/01/2021,Serie A,H,Juventus,Bologna,2,0,0,1,90
241,20/01/2021,Supercoppa Italiana,N,Juventus,Napoli,2,0,1,0,90
242,17/01/2021,Serie A,A,Inter Milan,Juventus,2,0,0,0,90
243,13/01/2021,Coppa Italia,H,Juventus,Genoa,3,2,0,0,32
244,10/01/2021,Serie A,H,Juventus,Sassuolo,3,1,1,0,90
245,06/01/2021,Serie A,A,AC Milan,Juventus,1,3,0,0,90
246,03/01/2021,Serie A,H,Juventus,Udinese,4,1,2,1,90
247,22/12/2020,Serie A,H,Juventus,Fiorentina,0,3,0,0,90
248,19/12/2020,Serie A,A,Parma,Juventus,0,4,2,0,82
249,16/12/2020,Serie A,H,Juventus,Atalanta,1,1,0,0,90
250,13/12/2020,Serie A,A,Genoa,Juventus,1,3,2,0,90
251,08/12/2020,Champs League,A,Barcelona,Juventus,0,3,2,0,90
252,05/12/2020,Serie A,H,Juventus,Torino,2,1,0,0,90
253,02/12/2020,Champs League,H,Juventus,Dynamo Kyiv,3,0,1,0,90
254,24/11/2020,Champs League,H,Juventus,Ferencvaros,2,1,1,0,90
255,21/11/2020,Serie A,H,Juventus,Cagliari,2,0,2,0,90
256,17/11/2020,Nations League,A,Croatia,Portugal,2,3,0,0,90
257,14/11/2020,Nations League,H,Portugal,France,0,1,0,0,90
258,11/11/2020,International Friendly,H,Portugal,Andorra,7,0,1,1,45
259,08/11/2020,Serie A,A,Lazio,Juventus,1,1,1,0,76
260,04/11/2020,Champs League,A,Ferencvaros,Juventus,1,4,0,1,90
261,01/11/2020,Serie A,A,Spezia,Juventus,1,4,2,0,34
262,11/10/2020,Nations League,A,France,Portugal,0,0,0,0,90
263,07/10/2020,International Friendly,H,Portugal,Spain,0,0,0,0,73
264,27/09/2020,Serie A,A,Roma,Juventus,2,2,2,0,90
265,20/09/2020,Serie A,H,Juventus,Sampdoria,3,0,1,1,90
266,08/09/2020,Nations League,A,Sweden,Portugal,0,2,2,0,81
267,07/08/2020,Champs League,H,Juventus,Lyon,2,1,2,0,90
268,29/07/2020,Serie A,A,Cagliari,Juventus,2,0,0,0,90
269,26/07/2020,Serie A,H,Juventus,Sampdoria,2,0,1,0,90
270,23/07/2020,Serie A,A,Udinese,Juventus,2,1,0,0,90
271,20/07/2020,Serie A,H,Juventus,Lazio,2,1,2,0,90
272,15/07/2020,Serie A,A,Sassuolo,Juventus,3,3,0,0,90
273,11/07/2020,Serie A,H,Juventus,Atalanta,2,2,2,0,90
274,07/07/2020,Serie A,A,AC Milan,Juventus,4,2,1,0,90
275,04/07/2020,Serie A,H,Juventus,Torino,4,1,1,1,90
276,30/06/2020,Serie A,A,Genoa,Juventus,1,3,1,0,74
277,26/06/2020,Serie A,H,Juventus,Lecce,4,0,1,1,90
278,22/06/2020,Serie A,A,Bologna,Juventus,0,2,1,0,90
279,17/06/2020,Coppa Italia,N,Juventus,Napoli,0,0,0,0,90
280,12/06/2020,Coppa Italia,H,Juventus,AC Milan,0,0,0,0,90
281,08/03/2020,Serie A,H,Juventus,Inter Milan,2,0,0,1,90
282,26/02/2020,Champs League,A,Lyon,Juventus,1,0,0,0,90
283,22/02/2020,Serie A,A,SPAL,Juventus,1,2,1,0,90
284,13/02/2020,Coppa Italia,A,AC Milan,Juventus,1,1,1,0,90
285,08/02/2020,Serie A,A,Verona,Juventus,2,1,1,0,90
286,02/02/2020,Serie A,H,Juventus,Fiorentina,3,0,2,0,90
287,26/01/2020,Serie A,A,Napoli,Juventus,2,1,1,0,90
288,22/01/2020,Coppa Italia,H,Juventus,Roma,3,1,1,0,90
289,19/01/2020,Serie A,H,Juventus,Parma,2,1,2,0,90
290,12/01/2020,Serie A,A,Roma,Juventus,1,2,1,0,90
291,06/01/2020,Serie A,H,Juventus,Cagliari,4,0,3,1,90
292,22/12/2019,Supercoppa Italiana,N,Juventus,Lazio,1,3,0,0,90
293,18/12/2019,Serie A,A,Sampdoria,Juventus,1,2,1,0,90
294,15/12/2019,Serie A,H,Juventus,Udinese,3,1,2,0,90
295,11/12/2019,Champs League,A,Bayer Leverkusen,Juventus,0,2,1,0,90
296,07/12/2019,Serie A,A,Lazio,Juventus,3,1,1,0,90
297,01/12/2019,Serie A,H,Juventus,Sassuolo,2,2,1,0,90
298,26/11/2019,Champs League,H,Juventus,Atletico Madrid,1,0,0,0,90
299,17/11/2019,Euros Qualifier,A,Luxembourg,Portugal,0,2,1,0,90
300,14/11/2019,Euros Qualifier,H,Portugal,Lithuania,6,0,3,0,90
301,10/11/2019,Serie A,H,Juventus,AC Milan,1,0,0,0,54
302,06/11/2019,Champs League,A,Lokomotiv Moscow,Juventus,1,2,0,0,82
303,02/11/2019,Serie A,A,Torino,Juventus,0,1,0,0,90
304,30/10/2019,Serie A,H,Juventus,Genoa,2,1,1,0,90
305,22/10/2019,Champs League,H,Juventus,Lokomotiv Moscow,2,1,0,0,90
306,19/10/2019,Serie A,H,Juventus,Bologna,2,1,1,0,90
307,14/10/2019,Euros Qualifier,A,Ukraine,Portugal,2,1,1,0,90
308,11/10/2019,Euros Qualifier,H,Portugal,Luxembourg,3,0,1,0,90
309,06/10/2019,Serie A,A,Inter Milan,Juventus,1,2,0,0,90
310,01/10/2019,Champs League,H,Juventus,Bayer Leverkusen,3,0,1,0,90
311,28/09/2019,Serie A,H,Juventus,SPAL,2,0,1,0,90
312,21/09/2019,Serie A,H,Juventus,Verona,2,1,1,1,90
313,18/09/2019,Champs League,A,Atletico Madrid,Juventus,2,2,0,0,90
314,14/09/2019,Serie A,A,Fiorentina,Juventus,0,0,0,0,90
315,10/09/2019,Euros Qualifier,A,Lithuania,Portugal,1,5,4,0,90
316,07/09/2019,Euros Qualifier,A,Serbia,Portugal,2,4,1,0,90
317,31/08/2019,Serie A,H,Juventus,Napoli,4,3,1,0,90
318,24/08/2019,Serie A,A,Parma,Juventus,0,1,0,0,90
319,09/06/2019,Nations League,H,Portugal,Netherlands,1,0,0,0,90
320,05/06/2019,Nations League,H,Portugal,Switzerland,3,1,3,0,90
321,19/05/2019,Serie A,H,Juventus,Atalanta,1,1,0,0,90
322,12/05/2019,Serie A,A,Roma,Juventus,2,0,0,0,90
323,03/05/2019,Serie A,H,Juventus,Torino,1,1,1,0,90
324,27/04/2019,Serie A,A,Inter Milan,Juventus,1,1,1,0,90
325,20/04/2019,Serie A,H,Juventus,Fiorentina,2,1,0,0,90
326,16/04/2019,Champs League,H,Juventus,Ajax,1,2,1,0,90
327,10/04/2019,Champs League,A,Ajax,Juventus,1,1,1,0,90
328,25/03/2019,Euros Qualifier,H,Portugal,Serbia,1,1,0,0,31
329,22/03/2019,Euros Qualifier,H,Portugal,Ukraine,0,0,0,0,90
330,12/03/2019,Champs League,H,Juventus,Atletico Madrid,3,0,3,0,90
331,03/03/2019,Serie A,A,Napoli,Juventus,1,2,0,0,90
332,24/02/2019,Serie A,A,Bologna,Juventus,0,1,0,0,90
333,20/02/2019,Champs League,A,Atletico Madrid,Juventus,2,0,0,0,90
334,15/02/2019,Serie A,H,Juventus,Frosinone,3,0,1,1,64
335,10/02/2019,Serie A,A,Sassuolo,Juventus,0,3,1,1,90
336,02/02/2019,Serie A,H,Juventus,Parma,3,3,2,1,90
337,30/01/2019,Coppa Italia,A,Atalanta,Juventus,3,0,0,0,90
338,27/01/2019,Serie A,A,Lazio,Juventus,1,2,1,0,90
339,21/01/2019,Serie A,H,Juventus,Chievo,3,0,0,0,90
340,16/01/2019,Supercoppa Italiana,N,Juventus,AC Milan,1,0,1,0,90
341,12/01/2019,Coppa Italia,A,Bologna,Juventus,0,2,0,0,28
342,29/12/2018,Serie A,H,Juventus,Sampdoria,2,1,2,0,90
343,26/12/2018,Serie A,A,Atalanta,Juventus,2,2,1,0,25
344,22/12/2018,Serie A,H,Juventus,Roma,1,0,0,0,90
345,15/12/2018,Serie A,A,Torino,Juventus,0,1,1,0,90
346,12/12/2018,Champs League,A,Young Boys,Juventus,2,1,0,1,90
347,07/12/2018,Serie A,H,Juventus,Inter Milan,1,0,0,0,90
348,01/12/2018,Serie A,A,Fiorentina,Juventus,0,3,1,0,80
349,27/11/2018,Champs League,H,Juventus,Valencia,1,0,0,1,90
350,24/11/2018,Serie A,H,Juventus,SPAL,2,0,1,0,90
351,11/11/2018,Serie A,A,AC Milan,Juventus,0,2,1,0,90
352,07/11/2018,Champs League,H,Juventus,Manchester United,1,2,1,0,90
353,03/11/2018,Serie A,H,Juventus,Cagliari,3,1,0,1,90
354,27/10/2018,Serie A,A,Empoli,Juventus,1,2,2,0,90
355,23/10/2018,Champs League,A,Manchester United,Juventus,0,1,0,0,90
356,20/10/2018,Serie A,H,Juventus,Genoa,1,1,1,0,90
357,06/10/2018,Serie A,A,Udinese,Juventus,0,2,1,0,90
358,29/09/2018,Serie A,H,Juventus,Napoli,3,1,0,2,90
359,26/09/2018,Serie A,H,Juventus,Bologna,2,0,0,1,90
360,23/09/2018,Serie A,A,Frosinone,Juventus,0,2,1,0,90
361,19/09/2018,Champs League,A,Valencia,Juventus,0,2,0,0,29
362,16/09/2018,Serie A,H,Juventus,Sassuolo,2,1,2,0,90
363,01/09/2018,Serie A,A,Parma,Juventus,1,2,0,0,90
364,25/08/2018,Serie A,H,Juventus,Lazio,2,0,0,1,90
365,18/08/2018,Serie A,A,Chievo,Juventus,2,3,0,0,90
366,30/06/2018,World Cup,N,Portugal,Uruguay,1,2,0,0,90
367,25/06/2018,World Cup,N,Portugal,Iran,1,1,0,0,90
368,20/06/2018,World Cup,N,Portugal,Morocco,1,0,1,0,90
369,15/06/2018,World Cup,N,Portugal,Spain,3,3,3,0,90
370,07/06/2018,International Friendly,H,Portugal,Algeria,3,0,0,1,75
371,26/05/2018,Champs League,N,Real Madrid,Liverpool,3,1,0,0,90
372,19/05/2018,La Liga,A,Villarreal,Real Madrid,2,2,1,0,62
373,06/05/2018,La Liga,A,Barcelona,Real Madrid,2,2,1,0,45
374,01/05/2018,Champs League,H,Real Madrid,Bayern Munich,2,2,0,0,90
375,25/04/2018,Champs League,A,Bayern Munich,Real Madrid,1,2,0,0,90
376,18/04/2018,La Liga,H,Real Madrid,Athletic Bilbao,1,1,1,0,90
377,11/04/2018,Champs League,H,Real Madrid,Juventus,1,3,1,0,90
378,08/04/2018,La Liga,H,Real Madrid,Atletico Madrid,1,1,1,0,64
379,03/04/2018,Champs League,A,Juventus,Real Madrid,0,3,2,1,90
380,26/03/2018,International Friendly,N,Portugal,Netherlands,0,3,0,0,68
381,23/03/2018,International Friendly,N,Portugal,Egypt,2,1,2,0,90
382,18/03/2018,La Liga,H,Real Madrid,Girona,6,3,4,1,90
383,10/03/2018,La Liga,A,Eibar,Real Madrid,1,2,2,0,90
384,06/03/2018,Champs League,A,Paris Saint-Germain,Real Madrid,1,2,1,1,90
385,03/03/2018,La Liga,H,Real Madrid,Getafe,3,1,2,0,78
386,24/02/2018,La Liga,H,Real Madrid,Alaves,4,0,2,0,90
387,18/02/2018,La Liga,A,Real Betis,Real Madrid,3,5,1,0,90
388,14/02/2018,Champs League,H,Real Madrid,Paris Saint-Germain,3,1,2,0,90
389,10/02/2018,La Liga,H,Real Madrid,Real Sociedad,5,2,3,1,90
390,03/02/2018,La Liga,A,Levante,Real Madrid,2,2,0,0,82
391,27/01/2018,La Liga,A,Valencia,Real Madrid,1,4,2,0,90
392,21/01/2018,La Liga,H,Real Madrid,Deportivo La Coruna,7,1,2,1,83
393,13/01/2018,La Liga,H,Real Madrid,Villarreal,0,1,0,0,90
394,07/01/2018,La Liga,A,Celta Vigo,Real Madrid,2,2,0,0,90
395,23/12/2017,La Liga,H,Real Madrid,Barcelona,0,3,0,0,90
396,16/12/2017,Club World Cup,N,Real Madrid,Gremio,1,0,1,0,90
397,13/12/2017,Club World Cup,N,Real Madrid,Al Jazira,2,1,1,0,90
398,09/12/2017,La Liga,H,Real Madrid,Sevilla,5,0,2,0,75
399,06/12/2017,Champs League,H,Real Madrid,Borussia Dortmund,3,2,1,0,90
400,02/12/2017,La Liga,A,Athletic Bilbao,Real Madrid,0,0,0,0,90
401,25/11/2017,La Liga,H,Real Madrid,Malaga,3,2,1,0,90
402,21/11/2017,Champs League,A,APOEL,Real Madrid,0,6,2,1,90
403,18/11/2017,La Liga,A,Atletico Madrid,Real Madrid,0,0,0,0,90
404,05/11/2017,La Liga,H,Real Madrid,Las Palmas,3,0,0,1,90
405,01/11/2017,Champs League,A,Tottenham Hotspur,Real Madrid,3,1,1,0,90
406,29/10/2017,La Liga,A,Girona,Real Madrid,2,1,0,0,90
407,22/10/2017,La Liga,H,Real Madrid,Eibar,3,0,0,0,90
408,17/10/2017,Champs League,H,Real Madrid,Tottenham Hotspur,1,1,1,0,90
409,14/10/2017,La Liga,A,Getafe,Real Madrid,1,2,1,0,90
410,10/10/2017,World Cup Qualifier,H,Portugal,Switzerland,2,0,0,0,90
411,07/10/2017,World Cup Qualifier,A,Andorra,Portugal,0,2,1,0,45
412,01/10/2017,La Liga,H,Real Madrid,Espanyol,2,0,0,1,90
413,26/09/2017,Champs League,A,Borussia Dortmund,Real Madrid,1,3,2,0,90
414,23/09/2017,La Liga,A,Alaves,Real Madrid,1,2,0,0,90
415,20/09/2017,La Liga,H,Real Madrid,Real Betis,0,1,0,0,90
416,13/09/2017,Champs League,H,Real Madrid,APOEL,3,0,2,0,90
417,03/09/2017,World Cup Qualifier,A,Hungary,Portugal,0,1,0,1,90
418,31/08/2017,World Cup Qualifier,H,Portugal,Faroe Islands,5,1,3,1,90
419,13/08/2017,Supercopa de Espana,A,Barcelona,Real Madrid,1,3,1,0,24
420,08/08/2017,UEFA Super Cup,N,Real Madrid,Manchester United,2,1,0,0,7
421,28/06/2017,Confederations Cup,N,Portugal,Chile,0,0,0,0,120
422,24/06/2017,Confederations Cup,N,Portugal,New Zealand,4,0,1,0,67
423,21/06/2017,Confederations Cup,A,Russia,Portugal,0,1,1,0,90
424,18/06/2017,Confederations Cup,N,Portugal,Mexico,2,2,0,1,90
425,09/06/2017,World Cup Qualifier,A,Latvia,Portugal,0,3,2,1,90
426,03/06/2017,Champs League,N,Real Madrid,Juventus,4,1,2,0,90
427,21/05/2017,La Liga,A,Malaga,Real Madrid,0,2,1,0,90
428,17/05/2017,La Liga,A,Celta Vigo,Real Madrid,1,4,2,0,85
429,14/05/2017,La Liga,H,Real Madrid,Sevilla,4,1,2,0,90
430,10/05/2017,Champs League,A,Atletico Madrid,Real Madrid,2,1,0,0,90
431,02/05/2017,Champs League,H,Real Madrid,Atletico Madrid,3,0,3,0,90
432,29/04/2017,La Liga,H,Real Madrid,Valencia,2,1,1,0,90
433,23/04/2017,La Liga,H,Real Madrid,Barcelona,2,3,0,0,90
434,18/04/2017,Champs League,H,Real Madrid,Bayern Munich,4,2,3,0,120
435,12/04/2017,Champs League,A,Bayern Munich,Real Madrid,1,2,2,0,90
436,08/04/2017,La Liga,H,Real Madrid,Atletico Madrid,1,1,0,0,90
437,02/04/2017,La Liga,H,Real Madrid,Alaves,3,0,0,1,90
438,28/03/2017,International Friendly,H,Portugal,Sweden,2,3,1,0,58
439,25/03/2017,World Cup Qualifier,H,Portugal,Hungary,3,0,2,0,90
440,18/03/2017,La Liga,A,Athletic Bilbao,Real Madrid,1,2,0,2,79
441,12/03/2017,La Liga,H,Real Madrid,Real Betis,2,1,1,0,90
442,07/03/2017,Champs League,A,Napoli,Real Madrid,1,3,0,0,90
443,01/03/2017,La Liga,H,Real Madrid,Las Palmas,3,3,2,0,90
444,26/02/2017,La Liga,A,Villarreal,Real Madrid,2,3,1,0,90
445,22/02/2017,La Liga,A,Valencia,Real Madrid,2,1,1,0,90
446,18/02/2017,La Liga,H,Real Madrid,Espanyol,2,0,0,0,90
447,15/02/2017,Champs League,H,Real Madrid,Napoli,3,1,0,1,90
448,11/02/2017,La Liga,A,Osasuna,Real Madrid,1,3,1,0,90
449,29/01/2017,La Liga,H,Real Madrid,Real Sociedad,3,0,1,1,90
450,25/01/2017,Copa del Rey,A,Celta Vigo,Real Madrid,2,2,1,0,90
451,21/01/2017,La Liga,H,Real Madrid,Malaga,2,1,0,0,90
452,18/01/2017,Copa del Rey,H,Real Madrid,Celta Vigo,1,2,0,0,90
453,15/01/2017,La Liga,A,Sevilla,Real Madrid,2,1,1,0,90
454,07/01/2017,La Liga,H,Real Madrid,Granada,5,0,1,0,90
455,18/12/2016,Club World Cup,N,Real Madrid,Kashima Antlers,4,2,3,0,111
456,15/12/2016,Club World Cup,N,Real Madrid,Club America,2,0,1,0,90
457,07/12/2016,Champs League,H,Real Madrid,Borussia Dortmund,2,2,0,0,90
458,03/12/2016,La Liga,A,Barcelona,Real Madrid,1,1,0,0,90
459,26/11/2016,La Liga,H,Real Madrid,Sporting Gijon,2,1,2,0,90
460,22/11/2016,Champs League,A,Sporting CP,Real Madrid,1,2,0,1,90
461,19/11/2016,La Liga,A,Atletico Madrid,Real Madrid,0,3,3,0,83
462,13/11/2016,World Cup Qualifier,H,Portugal,Latvia,4,1,2,0,90
463,06/11/2016,La Liga,H,Real Madrid,Leganes,3,0,0,0,90
464,02/11/2016,Champs League,A,Legia Warsaw,Real Madrid,3,3,0,1,90
465,29/10/2016,La Liga,A,Alaves,Real Madrid,1,4,3,0,90
466,23/10/2016,La Liga,H,Real Madrid,Athletic Bilbao,2,1,0,0,90
467,18/10/2016,Champs League,H,Real Madrid,Legia Warsaw,5,1,0,2,90
468,15/10/2016,La Liga,A,Real Betis,Real Madrid,1,6,1,1,90
469,10/10/2016,World Cup Qualifier,A,Faroe Islands,Portugal,0,6,1,0,90
470,07/10/2016,World Cup Qualifier,H,Portugal,Andorra,6,0,4,0,90
471,02/10/2016,La Liga,H,Real Madrid,Eibar,1,1,0,1,90
472,27/09/2016,Champs League,A,Borussia Dortmund,Real Madrid,2,2,1,0,90
473,24/09/2016,La Liga,A,Las Palmas,Real Madrid,2,2,0,0,72
474,21/09/2016,La Liga,H,Real Madrid,Villarreal,1,1,0,0,90
475,14/09/2016,Champs League,H,Real Madrid,Sporting CP,2,1,1,0,90
476,10/09/2016,La Liga,H,Real Madrid,Osasuna,5,2,1,0,66
477,10/07/2016,UEFA Euros,A,France,Portugal,0,1,0,0,25
478,06/07/2016,UEFA Euros,N,Portugal,Wales,2,0,1,1,90
479,30/06/2016,UEFA Euros,N,Portugal,Poland,1,1,0,0,120
480,25/06/2016,UEFA Euros,N,Portugal,Croatia,1,0,0,0,120
481,22/06/2016,UEFA Euros,N,Portugal,Hungary,3,3,2,1,90
482,18/06/2016,UEFA Euros,N,Portugal,Austria,0,0,0,0,90
483,14/06/2016,UEFA Euros,N,Portugal,Iceland,1,1,0,0,90
484,09/06/2016,International Friendly,H,Portugal,Estonia,7,0,2,0,45
485,28/05/2016,Champs League,N,Real Madrid,Atletico Madrid,1,1,0,0,120
486,14/05/2016,La Liga,A,Deportivo La Coruna,Real Madrid,0,2,2,0,45
487,08/05/2016,La Liga,H,Real Madrid,Valencia,3,2,2,0,79
488,04/05/2016,Champs League,H,Real Madrid,Manchester City,1,0,0,0,90
489,20/04/2016,La Liga,H,Real Madrid,Villarreal,3,0,0,0,90
490,16/04/2016,La Liga,A,Getafe,Real Madrid,1,5,1,0,90
491,12/04/2016,Champs League,H,Real Madrid,Wolfsburg,3,0,3,0,90
492,09/04/2016,La Liga,H,Real Madrid,Eibar,4,0,1,2,90
493,05/04/2016,Champs League,A,Wolfsburg,Real Madrid,2,0,0,0,90
494,02/04/2016,La Liga,A,Barcelona,Real Madrid,1,2,1,0,90
495,29/03/2016,International Friendly,H,Portugal,Belgium,2,1,1,0,61
496,25/03/2016,International Friendly,H,Portugal,Bulgaria,0,1,0,0,90
497,20/03/2016,La Liga,H,Real Madrid,Sevilla,4,0,1,0,90
498,13/03/2016,La Liga,A,Las Palmas,Real Madrid,1,2,0,0,90
499,08/03/2016,Champs League,H,Real Madrid,Roma,2,0,1,1,90
500,05/03/2016,La Liga,H,Real Madrid,Celta Vigo,7,1,4,0,90
501,02/03/2016,La Liga,A,Levante,Real Madrid,1,3,1,1,90
502,27/02/2016,La Liga,H,Real Madrid,Atletico Madrid,0,1,0,0,90
503,21/02/2016,La Liga,A,Malaga,Real Madrid,1,1,1,0,90
504,17/02/2016,Champs League,A,Roma,Real Madrid,0,2,1,0,89
505,13/02/2016,La Liga,H,Real Madrid,Athletic Bilbao,4,2,2,1,90
506,07/02/2016,La Liga,A,Granada,Real Madrid,1,2,0,0,90
507,31/01/2016,La Liga,H,Real Madrid,Espanyol,6,0,3,0,90
508,24/01/2016,La Liga,A,Real Betis,Real Madrid,1,1,0,0,90
509,17/01/2016,La Liga,H,Real Madrid,Sporting Gijon,5,1,2,0,90
510,09/01/2016,La Liga,H,Real Madrid,Deportivo La Coruna,5,0,0,2,90
511,03/01/2016,La Liga,A,Valencia,Real Madrid,2,2,0,1,90
512,30/12/2015,La Liga,H,Real Madrid,Real Sociedad,3,1,2,0,90
513,20/12/2015,La Liga,H,Real Madrid,Rayo Vallecano,10,2,2,1,90
514,13/12/2015,La Liga,A,Villarreal,Real Madrid,1,0,0,0,90
515,08/12/2015,Champs League,H,Real Madrid,Malmo,8,0,4,1,90
516,05/12/2015,La Liga,H,Real Madrid,Getafe,4,1,1,1,90
517,29/11/2015,La Liga,A,Eibar,Real Madrid,0,2,1,0,90
518,25/11/2015,Champs League,A,Shakhtar Donetsk,Real Madrid,3,4,2,2,90
519,21/11/2015,La Liga,H,Real Madrid,Barcelona,0,4,0,0,90
520,08/11/2015,La Liga,A,Sevilla,Real Madrid,3,2,0,0,90
521,03/11/2015,Champs League,H,Real Madrid,Paris Saint-Germain,1,0,0,0,90
522,31/10/2015,La Liga,H,Real Madrid,Las Palmas,3,1,1,0,90
523,24/10/2015,La Liga,A,Celta Vigo,Real Madrid,1,3,1,0,90
524,21/10/2015,Champs League,A,Paris Saint-Germain,Real Madrid,0,0,0,0,90
525,17/10/2015,La Liga,H,Real Madrid,Levante,3,0,1,1,90
526,08/10/2015,Euros Qualifier,H,Portugal,Denmark,1,0,0,0,90
527,04/10/2015,La Liga,A,Atletico Madrid,Real Madrid,1,1,0,0,90
528,30/09/2015,Champs League,A,Malmo,Real Madrid,0,2,2,0,90
529,26/09/2015,La Liga,H,Real Madrid,Malaga,0,0,0,0,90
530,23/09/2015,La Liga,A,Athletic Bilbao,Real Madrid,1,2,0,0,90
531,19/09/2015,La Liga,H,Real Madrid,Granada,1,0,0,0,90
532,15/09/2015,Champs League,H,Real Madrid,Shakhtar Donetsk,4,0,3,0,90
533,12/09/2015,La Liga,A,Espanyol,Real Madrid,0,6,5,1,90
534,07/09/2015,Euros Qualifier,A,Albania,Portugal,0,1,0,0,90
535,04/09/2015,International Friendly,H,Portugal,France,0,1,0,0,68
536,29/08/2015,La Liga,H,Real Madrid,Real Betis,5,0,0,0,90
537,23/08/2015,La Liga,A,Sporting Gijon,Real Madrid,0,0,0,0,90
538,13/06/2015,Euros Qualifier,A,Armenia,Portugal,2,3,3,0,90
539,23/05/2015,La Liga,H,Real Madrid,Getafe,7,3,3,0,58
540,17/05/2015,La Liga,A,Espanyol,Real Madrid,1,4,3,1,90
541,13/05/2015,Champs League,H,Real Madrid,Juventus,1,1,1,0,90
542,09/05/2015,La Liga,H,Real Madrid,Valencia,2,2,0,0,90
543,05/05/2015,Champs League,A,Juventus,Real Madrid,2,1,1,0,90
544,02/05/2015,La Liga,A,Sevilla,Real Madrid,2,3,3,0,90
545,29/04/2015,La Liga,H,Real Madrid,Almeria,3,0,0,0,90
546,26/04/2015,La Liga,A,Celta Vigo,Real Madrid,2,4,0,1,90
547,22/04/2015,Champs League,H,Real Madrid,Atletico Madrid,1,0,0,1,90
548,18/04/2015,La Liga,H,Real Madrid,Malaga,3,1,1,2,90
549,14/04/2015,Champs League,A,Atletico Madrid,Real Madrid,0,0,0,0,90
550,11/04/2015,La Liga,H,Real Madrid,Eibar,3,0,1,0,90
551,08/04/2015,La Liga,A,Rayo Vallecano,Real Madrid,0,2,1,1,90
552,05/04/2015,La Liga,H,Real Madrid,Granada,9,1,5,0,90
553,29/03/2015,Euros Qualifier,H,Portugal,Serbia,2,1,0,0,90
554,22/03/2015,La Liga,A,Barcelona,Real Madrid,2,1,1,0,90
555,15/03/2015,La Liga,H,Real Madrid,Levante,2,0,0,1,90
556,10/03/2015,Champs League,H,Real Madrid,Schalke,3,4,2,0,90
557,07/03/2015,La Liga,A,Athletic Bilbao,Real Madrid,1,0,0,0,90
558,01/03/2015,La Liga,H,Real Madrid,Villarreal,1,1,1,0,90
559,22/02/2015,La Liga,A,Elche,Real Madrid,0,2,1,0,90
560,18/02/2015,Champs League,A,Schalke,Real Madrid,0,2,1,1,90
561,14/02/2015,La Liga,H,Real Madrid,Deportivo La Coruna,2,0,0,1,90
562,07/02/2015,La Liga,A,Atletico Madrid,Real Madrid,4,0,0,0,90
563,24/01/2015,La Liga,A,Cordoba,Real Madrid,1,2,0,0,82
564,18/01/2015,La Liga,A,Getafe,Real Madrid,0,3,2,0,90
565,15/01/2015,Copa del Rey,H,Real Madrid,Atletico Madrid,2,2,1,0,90
566,10/01/2015,La Liga,H,Real Madrid,Espanyol,3,0,0,1,90
567,07/01/2015,Copa del Rey,A,Atletico Madrid,Real Madrid,2,0,0,0,27
568,04/01/2015,La Liga,A,Valencia,Real Madrid,2,1,1,0,90
569,20/12/2014,Club World Cup,N,Real Madrid,San Lorenzo,2,0,0,0,90
570,16/12/2014,Club World Cup,N,Real Madrid,Cruz Azul,4,0,0,2,90
571,12/12/2014,La Liga,A,Almeria,Real Madrid,1,4,2,0,90
572,09/12/2014,Champs League,H,Real Madrid,Ludogorets,4,0,1,0,90
573,06/12/2014,La Liga,H,Real Madrid,Celta Vigo,3,0,3,0,85
574,29/11/2014,La Liga,A,Malaga,Real Madrid,1,2,0,2,90
575,26/11/2014,Champs League,A,FC Basel,Real Madrid,0,1,1,0,90
576,22/11/2014,La Liga,A,Eibar,Real Madrid,0,4,2,1,84
577,18/11/2014,International Friendly,N,Portugal,Argentina,1,0,0,0,45
578,14/11/2014,Euros Qualifier,H,Portugal,Armenia,1,0,1,0,90
579,08/11/2014,La Liga,H,Real Madrid,Rayo Vallecano,5,1,1,2,90
580,04/11/2014,Champs League,H,Real Madrid,Liverpool,1,0,0,0,90
581,01/11/2014,La Liga,A,Granada,Real Madrid,0,4,1,2,90
582,25/10/2014,La Liga,H,Real Madrid,Barcelona,3,1,1,0,90
583,22/10/2014,Champs League,A,Liverpool,Real Madrid,0,3,1,0,75
584,18/10/2014,La Liga,A,Levante,Real Madrid,0,5,2,0,90
585,14/10/2014,Euros Qualifier,A,Denmark,Portugal,0,1,1,0,90
586,11/10/2014,International Friendly,A,France,Portugal,2,1,0,0,76
587,05/10/2014,La Liga,H,Real Madrid,Athletic Bilbao,5,0,3,1,90
588,01/10/2014,Champs League,A,Ludogorets,Real Madrid,1,2,1,0,90
589,27/09/2014,La Liga,A,Villarreal,Real Madrid,0,2,1,0,90
590,23/09/2014,La Liga,H,Real Madrid,Elche,5,1,4,0,90
591,20/09/2014,La Liga,A,Deportivo La Coruna,Real Madrid,2,8,3,0,90
592,16/09/2014,Champs League,H,Real Madrid,FC Basel,5,1,1,1,90
593,13/09/2014,La Liga,H,Real Madrid,Atletico Madrid,1,2,1,0,90
594,25/08/2014,La Liga,H,Real Madrid,Cordoba,2,0,1,0,90
595,22/08/2014,Supercopa de Espana,A,Atletico Madrid,Real Madrid,1,0,0,0,45
596,19/08/2014,Supercopa de Espana,H,Real Madrid,Atletico Madrid,1,1,0,0,45
597,12/08/2014,UEFA Super Cup,N,Real Madrid,Sevilla,2,0,2,0,90
598,26/06/2014,World Cup,N,Portugal,Ghana,2,1,1,0,90
599,23/06/2014,World Cup,N,Portugal,USA,2,2,0,1,90
600,16/06/2014,World Cup,N,Portugal,Germany,0,4,0,0,90
601,11/06/2014,International Friendly,N,Portugal,Republic of Ireland,5,1,0,0,65
602,24/05/2014,Champs League,N,Real Madrid,Atletico Madrid,4,1,1,1,120
603,07/05/2014,La Liga,A,Real Valladolid,Real Madrid,1,1,0,0,9
604,04/05/2014,La Liga,H,Real Madrid,Valencia,2,2,1,1,90
605,29/04/2014,Champs League,A,Bayern Munich,Real Madrid,0,4,2,0,90
606,26/04/2014,La Liga,H,Real Madrid,Osasuna,4,0,2,0,62
607,23/04/2014,Champs League,H,Real Madrid,Bayern Munich,1,0,0,0,73
608,02/04/2014,Champs League,H,Real Madrid,Borussia Dortmund,3,0,1,0,80
609,29/03/2014,La Liga,H,Real Madrid,Rayo Vallecano,5,0,1,1,90
610,26/03/2014,La Liga,A,Sevilla,Real Madrid,2,1,1,0,90
611,23/03/2014,La Liga,H,Real Madrid,Barcelona,3,4,1,0,90
612,18/03/2014,Champs League,H,Real Madrid,Schalke,3,1,2,0,90
613,15/03/2014,La Liga,A,Malaga,Real Madrid,0,1,1,0,90
614,09/03/2014,La Liga,H,Real Madrid,Levante,3,0,1,1,90
615,05/03/2014,International Friendly,H,Portugal,Cameroon,5,1,2,0,87
616,02/03/2014,La Liga,A,Atletico Madrid,Real Madrid,2,2,1,0,90
617,26/02/2014,Champs League,A,Schalke,Real Madrid,1,6,2,1,90
618,11/02/2014,Copa del Rey,A,Atletico Madrid,Real Madrid,0,2,2,0,75
619,05/02/2014,Copa del Rey,H,Real Madrid,Atletico Madrid,3,0,0,0,90
620,02/02/2014,La Liga,A,Athletic Bilbao,Real Madrid,1,1,0,1,75
621,28/01/2014,Copa del Rey,H,Real Madrid,Espanyol,1,0,0,0,90
622,25/01/2014,La Liga,H,Real Madrid,Granada,2,0,1,0,90
623,21/01/2014,Copa del Rey,A,Espanyol,Real Madrid,0,1,0,0,90
624,18/01/2014,La Liga,A,Real Betis,Real Madrid,0,5,1,1,90
625,15/01/2014,Copa del Rey,A,Osasuna,Real Madrid,0,2,1,0,62
626,12/01/2014,La Liga,A,Espanyol,Real Madrid,0,1,0,0,90
627,09/01/2014,Copa del Rey,H,Real Madrid,Osasuna,2,0,0,1,90
628,06/01/2014,La Liga,H,Real Madrid,Celta Vigo,3,0,2,0,90
629,22/12/2013,La Liga,A,Valencia,Real Madrid,2,3,1,0,90
630,14/12/2013,La Liga,A,Osasuna,Real Madrid,2,2,0,1,90
631,10/12/2013,Champs League,A,FC Copenhagen,Real Madrid,0,2,1,0,90
632,23/11/2013,La Liga,A,Almeria,Real Madrid,0,5,1,0,54
633,19/11/2013,World Cup Qualifier,A,Sweden,Portugal,2,3,3,0,90
634,15/11/2013,World Cup Qualifier,H,Portugal,Sweden,1,0,1,0,90
635,09/11/2013,La Liga,H,Real Madrid,Real Sociedad,5,1,3,1,90
636,05/11/2013,Champs League,A,Juventus,Real Madrid,2,2,1,1,90
637,02/11/2013,La Liga,A,Rayo Vallecano,Real Madrid,2,3,2,0,90
638,30/10/2013,La Liga,H,Real Madrid,Sevilla,7,3,3,0,90
639,26/10/2013,La Liga,A,Barcelona,Real Madrid,2,1,0,1,90
640,23/10/2013,Champs League,H,Real Madrid,Juventus,2,1,2,0,90
641,19/10/2013,La Liga,H,Real Madrid,Malaga,2,0,1,0,90
642,11/10/2013,World Cup Qualifier,H,Portugal,Israel,1,1,0,0,90
643,05/10/2013,La Liga,A,Levante,Real Madrid,2,3,1,0,90
644,02/10/2013,Champs League,H,Real Madrid,FC Copenhagen,4,0,2,0,90
645,28/09/2013,La Liga,H,Real Madrid,Atletico Madrid,0,1,0,0,90
646,25/09/2013,La Liga,A,Elche,Real Madrid,1,2,2,0,90
647,22/09/2013,La Liga,H,Real Madrid,Getafe,4,1,2,0,90
648,17/09/2013,Champs League,A,Galatasaray,Real Madrid,1,6,3,1,90
649,14/09/2013,La Liga,A,Villarreal,Real Madrid,2,2,1,0,90
650,06/09/2013,World Cup Qualifier,A,Northern Ireland,Portugal,2,4,3,0,90
651,01/09/2013,La Liga,H,Real Madrid,Athletic Bilbao,3,1,1,0,90
652,26/08/2013,La Liga,A,Granada,Real Madrid,0,1,0,1,90
653,18/08/2013,La Liga,H,Real Madrid,Real Betis,2,1,0,0,90
654,14/08/2013,International Friendly,H,Portugal,Netherlands,1,1,1,0,90
655,10/06/2013,International Friendly,N,Portugal,Croatia,1,0,1,0,45
656,07/06/2013,World Cup Qualifier,H,Portugal,Russia,1,0,0,0,90
657,17/05/2013,Copa del Rey,H,Real Madrid,Atletico Madrid,1,2,1,0,115
658,11/05/2013,La Liga,A,Espanyol,Real Madrid,1,1,0,0,34
659,08/05/2013,La Liga,H,Real Madrid,Malaga,6,2,1,2,90
660,04/05/2013,La Liga,H,Real Madrid,Real Valladolid,4,3,2,0,90
661,30/04/2013,Champs League,H,Real Madrid,Borussia Dortmund,2,0,0,0,90
662,24/04/2013,Champs League,A,Borussia Dortmund,Real Madrid,4,1,1,0,90
663,20/04/2013,La Liga,H,Real Madrid,Real Betis,3,1,0,1,90
664,14/04/2013,La Liga,A,Athletic Bilbao,Real Madrid,0,3,2,1,79
665,09/04/2013,Champs League,A,Galatasaray,Real Madrid,3,2,2,0,90
666,06/04/2013,La Liga,H,Real Madrid,Levante,5,1,1,1,45
667,03/04/2013,Champs League,H,Real Madrid,Galatasaray,3,0,1,0,90
668,30/03/2013,La Liga,A,Real Zaragoza,Real Madrid,1,1,1,0,90
669,22/03/2013,World Cup Qualifier,A,Israel,Portugal,3,3,0,1,90
670,16/03/2013,La Liga,H,Real Madrid,Mallorca,5,2,1,0,90
671,10/03/2013,La Liga,A,Celta Vigo,Real Madrid,1,2,2,0,90
672,05/03/2013,Champs League,A,Manchester United,Real Madrid,1,2,1,0,90
673,02/03/2013,La Liga,H,Real Madrid,Barcelona,2,1,0,0,33
674,26/02/2013,Copa del Rey,A,Barcelona,Real Madrid,1,3,2,0,90
675,23/02/2013,La Liga,A,Deportivo La Coruna,Real Madrid,1,2,0,1,33
676,17/02/2013,La Liga,H,Real Madrid,Rayo Vallecano,2,0,0,0,90
677,13/02/2013,Champs League,H,Real Madrid,Manchester United,1,1,1,0,90
678,09/02/2013,La Liga,H,Real Madrid,Sevilla,4,1,3,0,63
679,06/02/2013,International Friendly,H,Portugal,Ecuador,2,3,1,0,62
680,02/02/2013,La Liga,A,Granada,Real Madrid,1,0,0,0,90
681,30/01/2013,Copa del Rey,H,Real Madrid,Barcelona,1,1,0,0,90
682,27/01/2013,La Liga,H,Real Madrid,Getafe,4,0,3,0,73
683,23/01/2013,Copa del Rey,A,Valencia,Real Madrid,1,1,0,0,90
684,20/01/2013,La Liga,A,Valencia,Real Madrid,0,5,2,1,90
685,15/01/2013,Copa del Rey,H,Real Madrid,Valencia,2,0,0,0,90
686,09/01/2013,Copa del Rey,H,Real Madrid,Celta Vigo,4,0,3,1,90
687,06/01/2013,La Liga,H,Real Madrid,Real Sociedad,4,3,2,0,90
688,22/12/2012,La Liga,A,Malaga,Real Madrid,3,2,0,0,90
689,16/12/2012,La Liga,H,Real Madrid,Espanyol,2,2,1,1,90
690,12/12/2012,Copa del Rey,A,Celta Vigo,Real Madrid,2,1,1,0,90
691,08/12/2012,La Liga,A,Real Valladolid,Real Madrid,2,3,0,0,90
692,04/12/2012,Champs League,H,Real Madrid,Ajax,4,1,1,1,90
693,01/12/2012,La Liga,H,Real Madrid,Atletico Madrid,2,0,1,1,90
694,24/11/2012,La Liga,A,Real Betis,Real Madrid,1,0,0,0,90
695,21/11/2012,Champs League,A,Manchester City,Real Madrid,1,1,0,0,90
696,17/11/2012,La Liga,H,Real Madrid,Athletic Bilbao,5,1,0,0,90
697,11/11/2012,La Liga,A,Levante,Real Madrid,1,2,1,0,45
698,06/11/2012,Champs League,H,Real Madrid,Borussia Dortmund,2,2,0,0,90
699,03/11/2012,La Liga,H,Real Madrid,Real Zaragoza,4,0,0,0,90
700,28/10/2012,La Liga,A,Mallorca,Real Madrid,0,5,2,1,90
701,24/10/2012,Champs League,A,Borussia Dortmund,Real Madrid,2,1,1,0,90
702,20/10/2012,La Liga,H,Real Madrid,Celta Vigo,2,0,1,0,90
703,16/10/2012,World Cup Qualifier,H,Portugal,Northern Ireland,1,1,0,0,90
704,12/10/2012,World Cup Qualifier,A,Russia,Portugal,1,0,0,0,90
705,07/10/2012,La Liga,A,Barcelona,Real Madrid,2,2,2,0,90
706,03/10/2012,Champs League,A,Ajax,Real Madrid,1,4,3,0,90
707,30/09/2012,La Liga,H,Real Madrid,Deportivo La Coruna,5,1,3,0,90
708,24/09/2012,La Liga,A,Rayo Vallecano,Real Madrid,0,2,1,0,90
709,18/09/2012,Champs League,H,Real Madrid,Manchester City,3,2,1,0,90
710,15/09/2012,La Liga,A,Sevilla,Real Madrid,1,0,0,0,90
711,11/09/2012,World Cup Qualifier,H,Portugal,Azerbaijan,3,0,0,1,90
712,07/09/2012,World Cup Qualifier,A,Luxembourg,Portugal,1,2,1,0,90
713,02/09/2012,La Liga,H,Real Madrid,Granada,3,0,2,0,64
714,29/08/2012,Supercopa de Espana,H,Real Madrid,Barcelona,2,1,1,0,90
715,26/08/2012,La Liga,A,Getafe,Real Madrid,2,1,0,0,90
716,23/08/2012,Supercopa de Espana,A,Barcelona,Real Madrid,3,2,1,0,90
717,19/08/2012,La Liga,H,Real Madrid,Valencia,1,1,0,0,90
718,15/08/2012,International Friendly,H,Portugal,Panama,2,0,1,0,61
719,27/06/2012,UEFA Euros,N,Portugal,Spain,0,0,0,0,120
720,21/06/2012,UEFA Euros,N,Portugal,Czech Republic,1,0,1,0,90
721,17/06/2012,UEFA Euros,N,Portugal,Netherlands,2,1,2,0,90
722,13/06/2012,UEFA Euros,N,Portugal,Denmark,3,2,0,0,90
723,09/06/2012,UEFA Euros,N,Portugal,Germany,0,1,0,0,90
724,02/06/2012,International Friendly,H,Portugal,Turkey,1,3,0,1,90
725,26/05/2012,International Friendly,H,Portugal,North Macedonia,0,0,0,0,73
726,13/05/2012,La Liga,H,Real Madrid,Mallorca,4,1,1,0,90
727,05/05/2012,La Liga,A,Granada,Real Madrid,1,2,1,0,90
728,02/05/2012,La Liga,A,Athletic Bilbao,Real Madrid,0,3,1,1,90
729,29/04/2012,La Liga,H,Real Madrid,Sevilla,3,0,1,0,90
730,25/04/2012,Champs League,H,Real Madrid,Bayern Munich,2,1,2,0,120
731,21/04/2012,La Liga,A,Barcelona,Real Madrid,1,2,1,0,90
732,17/04/2012,Champs League,A,Bayern Munich,Real Madrid,2,1,0,1,90
733,14/04/2012,La Liga,H,Real Madrid,Sporting Gijon,3,1,1,0,90
734,11/04/2012,La Liga,A,Atletico Madrid,Real Madrid,1,4,3,1,90
735,08/04/2012,La Liga,H,Real Madrid,Valencia,0,0,0,0,90
736,04/04/2012,Champs League,H,Real Madrid,APOEL,5,2,2,0,90
737,31/03/2012,La Liga,A,Osasuna,Real Madrid,1,5,2,2,90
738,27/03/2012,Champs League,A,APOEL,Real Madrid,0,3,0,0,90
739,24/03/2012,La Liga,H,Real Madrid,Real Sociedad,5,1,2,0,81
740,21/03/2012,La Liga,A,Villarreal,Real Madrid,1,1,1,0,90
741,18/03/2012,La Liga,H,Real Madrid,Malaga,1,1,0,1,90
742,14/03/2012,Champs League,H,Real Madrid,CSKA Moscow,4,1,2,0,90
743,10/03/2012,La Liga,A,Real Betis,Real Madrid,2,3,2,0,90
744,04/03/2012,La Liga,H,Real Madrid,Espanyol,5,0,1,0,90
745,29/02/2012,International Friendly,A,Poland,Portugal,0,0,0,0,76
746,26/02/2012,La Liga,A,Rayo Vallecano,Real Madrid,0,1,1,0,90
747,21/02/2012,Champs League,A,CSKA Moscow,Real Madrid,1,1,1,0,90
748,18/02/2012,La Liga,H,Real Madrid,Racing Santander,4,0,1,0,90
749,12/02/2012,La Liga,H,Real Madrid,Levante,4,2,3,1,90
750,04/02/2012,La Liga,A,Getafe,Real Madrid,0,1,0,0,90
751,28/01/2012,La Liga,H,Real Madrid,Real Zaragoza,3,1,1,0,90
752,25/01/2012,Copa del Rey,A,Barcelona,Real Madrid,2,2,1,0,90
753,22/01/2012,La Liga,H,Real Madrid,Athletic Bilbao,4,1,2,0,90
754,18/01/2012,Copa del Rey,H,Real Madrid,Barcelona,1,2,1,0,90
755,14/01/2012,La Liga,A,Mallorca,Real Madrid,1,2,0,0,90
756,10/01/2012,Copa del Rey,A,Malaga,Real Madrid,0,1,0,0,90
757,07/01/2012,La Liga,H,Real Madrid,Granada,5,1,1,0,90
758,03/01/2012,Copa del Rey,H,Real Madrid,Malaga,3,2,0,0,90
759,17/12/2011,La Liga,A,Sevilla,Real Madrid,2,6,3,0,90
760,13/12/2011,Copa del Rey,A,SD Ponferradina,Real Madrid,0,2,1,0,78
761,10/12/2011,La Liga,H,Real Madrid,Barcelona,1,3,0,0,90
762,03/12/2011,La Liga,A,Sporting Gijon,Real Madrid,0,3,1,0,90
763,26/11/2011,La Liga,H,Real Madrid,Atletico Madrid,4,1,2,1,90
764,19/11/2011,La Liga,A,Valencia,Real Madrid,2,3,1,0,90
765,15/11/2011,Euros Qualifier,H,Portugal,Bosnia and Herzegovina,6,2,2,0,90
766,11/11/2011,Euros Qualifier,A,Bosnia and Herzegovina,Portugal,0,0,0,0,90
767,06/11/2011,La Liga,H,Real Madrid,Osasuna,7,1,3,0,90
768,02/11/2011,Champs League,A,Lyon,Real Madrid,0,2,2,0,90
769,29/10/2011,La Liga,A,Real Sociedad,Real Madrid,0,1,0,0,90
770,26/10/2011,La Liga,H,Real Madrid,Villarreal,3,0,0,0,90
771,22/10/2011,La Liga,A,Malaga,Real Madrid,0,4,3,0,90
772,18/10/2011,Champs League,H,Real Madrid,Lyon,4,0,0,1,90
773,15/10/2011,La Liga,H,Real Madrid,Real Betis,4,1,0,2,78
774,11/10/2011,Euros Qualifier,A,Denmark,Portugal,2,1,1,0,90
775,07/10/2011,Euros Qualifier,H,Portugal,Iceland,5,3,0,0,90
776,02/10/2011,La Liga,A,Espanyol,Real Madrid,0,4,0,2,90
777,27/09/2011,Champs League,H,Real Madrid,Ajax,3,0,1,1,90
778,24/09/2011,La Liga,H,Real Madrid,Rayo Vallecano,6,2,3,0,90
779,21/09/2011,La Liga,A,Racing Santander,Real Madrid,0,0,0,0,90
780,18/09/2011,La Liga,A,Levante,Real Madrid,1,0,0,0,45
781,14/09/2011,Champs League,A,Dinamo Zagreb,Real Madrid,0,1,0,0,90
782,10/09/2011,La Liga,H,Real Madrid,Getafe,4,2,1,1,90
783,02/09/2011,Euros Qualifier,A,Cyprus,Portugal,0,4,2,1,90
784,28/08/2011,La Liga,A,Real Zaragoza,Real Madrid,0,6,3,0,90
785,17/08/2011,Supercopa de Espana,A,Barcelona,Real Madrid,3,2,1,0,90
786,14/08/2011,Supercopa de Espana,H,Real Madrid,Barcelona,2,2,0,0,90
787,10/08/2011,International Friendly,H,Portugal,Luxembourg,5,0,1,1,45
788,04/06/2011,Euros Qualifier,H,Portugal,Norway,1,0,0,0,90
789,21/05/2011,La Liga,H,Real Madrid,Almeria,8,1,2,3,90
790,15/05/2011,La Liga,A,Villarreal,Real Madrid,1,3,2,0,90
791,10/05/2011,La Liga,H,Real Madrid,Getafe,4,0,3,0,90
792,07/05/2011,La Liga,A,Sevilla,Real Madrid,2,6,4,0,90
793,03/05/2011,Champs League,A,Barcelona,Real Madrid,1,1,0,0,90
794,27/04/2011,Champs League,H,Real Madrid,Barcelona,0,2,0,0,90
795,23/04/2011,La Liga,A,Valencia,Real Madrid,3,6,0,0,23
796,20/04/2011,Copa del Rey,N,Real Madrid,Barcelona,1,0,1,0,120
797,16/04/2011,La Liga,H,Real Madrid,Barcelona,1,1,1,0,90
798,13/04/2011,Champs League,A,Tottenham Hotspur,Real Madrid,0,1,1,0,65
799,09/04/2011,La Liga,A,Athletic Bilbao,Real Madrid,0,3,1,0,29
800,05/04/2011,Champs League,H,Real Madrid,Tottenham Hotspur,4,0,1,0,90
801,19/03/2011,La Liga,A,Atletico Madrid,Real Madrid,1,2,0,0,72
802,16/03/2011,Champs League,H,Real Madrid,Lyon,3,0,0,1,74
803,03/03/2011,La Liga,H,Real Madrid,Malaga,7,0,3,0,78
804,26/02/2011,La Liga,A,Deportivo La Coruna,Real Madrid,0,0,0,0,90
805,22/02/2011,Champs League,A,Lyon,Real Madrid,1,1,0,1,90
806,19/02/2011,La Liga,H,Real Madrid,Levante,2,0,0,1,90
807,13/02/2011,La Liga,A,Espanyol,Real Madrid,0,1,0,1,90
808,09/02/2011,International Friendly,N,Portugal,Argentina,1,2,1,0,61
809,06/02/2011,La Liga,H,Real Madrid,Real Sociedad,4,1,2,0,90
810,02/02/2011,Copa del Rey,H,Real Madrid,Sevilla,2,0,0,0,90
811,30/01/2011,La Liga,A,Osasuna,Real Madrid,1,0,0,0,90
812,26/01/2011,Copa del Rey,A,Sevilla,Real Madrid,0,1,0,0,90
813,23/01/2011,La Liga,H,Real Madrid,Mallorca,1,0,0,0,90
814,20/01/2011,Copa del Rey,A,Atletico Madrid,Real Madrid,0,1,1,0,90
815,16/01/2011,La Liga,A,Almeria,Real Madrid,1,1,0,0,90
816,13/01/2011,Copa del Rey,H,Real Madrid,Atletico Madrid,3,1,1,0,90
817,09/01/2011,La Liga,H,Real Madrid,Villarreal,4,2,3,1,90
818,03/01/2011,La Liga,A,Getafe,Real Madrid,2,3,2,0,90
819,22/12/2010,Copa del Rey,H,Real Madrid,Levante,8,0,3,1,90
820,19/12/2010,La Liga,H,Real Madrid,Sevilla,1,0,0,0,90
821,12/12/2010,La Liga,A,Real Zaragoza,Real Madrid,1,3,1,0,90
822,08/12/2010,Champs League,H,Real Madrid,Auxerre,4,0,1,1,72
823,04/12/2010,La Liga,H,Real Madrid,Valencia,2,0,2,0,90
824,29/11/2010,La Liga,A,Barcelona,Real Madrid,5,0,0,0,90
825,23/11/2010,Champs League,A,Ajax,Real Madrid,0,4,2,0,90
826,20/11/2010,La Liga,H,Real Madrid,Athletic Bilbao,5,1,3,0,90
827,17/11/2010,International Friendly,H,Portugal,Spain,4,0,0,0,45
828,14/11/2010,La Liga,A,Sporting Gijon,Real Madrid,0,1,0,0,90
829,10/11/2010,Copa del Rey,H,Real Madrid,Real Murcia,5,1,1,0,45
830,07/11/2010,La Liga,H,Real Madrid,Atletico Madrid,2,0,0,0,90
831,03/11/2010,Champs League,A,AC Milan,Real Madrid,2,2,0,0,90
832,30/10/2010,La Liga,A,Hercules,Real Madrid,1,3,2,0,90
833,26/10/2010,Copa del Rey,A,Real Murcia,Real Madrid,0,0,0,0,69
834,23/10/2010,La Liga,H,Real Madrid,Racing Santander,6,1,4,0,90
835,19/10/2010,Champs League,H,Real Madrid,AC Milan,2,0,1,1,90
836,16/10/2010,La Liga,A,Malaga,Real Madrid,1,4,2,2,90
837,12/10/2010,Euros Qualifier,A,Iceland,Portugal,1,3,1,0,90
838,08/10/2010,Euros Qualifier,H,Portugal,Denmark,3,1,1,1,90
839,03/10/2010,La Liga,H,Real Madrid,Deportivo La Coruna,6,1,2,0,90
840,28/09/2010,Champs League,A,Auxerre,Real Madrid,0,1,0,0,90
841,25/09/2010,La Liga,A,Levante,Real Madrid,0,0,0,0,90
842,21/09/2010,La Liga,H,Real Madrid,Espanyol,3,0,1,1,90
843,18/09/2010,La Liga,A,Real Sociedad,Real Madrid,1,2,0,1,90
844,15/09/2010,Champs League,H,Real Madrid,Ajax,2,0,0,0,90
845,11/09/2010,La Liga,H,Real Madrid,Osasuna,1,0,0,1,90
846,29/08/2010,La Liga,A,Mallorca,Real Madrid,0,0,0,0,90
847,29/06/2010,World Cup,N,Portugal,Spain,0,1,0,0,90
848,25/06/2010,World Cup,N,Portugal,Brazil,0,0,0,0,90
849,21/06/2010,World Cup,N,Portugal,North Korea,7,0,1,1,90
850,15/06/2010,World Cup,N,Portugal,Ivory Coast,0,0,0,0,90
851,08/06/2010,International Friendly,N,Portugal,Mozambique,3,0,0,0,27
852,01/06/2010,International Friendly,H,Portugal,Cameroon,3,1,0,1,90
853,24/05/2010,International Friendly,H,Portugal,Cape Verde,0,0,0,0,90
854,16/05/2010,La Liga,A,Malaga,Real Madrid,1,1,0,0,90
855,08/05/2010,La Liga,H,Real Madrid,Athletic Bilbao,5,1,1,0,90
856,05/05/2010,La Liga,A,Mallorca,Real Madrid,1,4,3,0,83
857,02/05/2010,La Liga,H,Real Madrid,Osasuna,3,2,2,0,90
858,24/04/2010,La Liga,A,Real Zaragoza,Real Madrid,1,2,0,2,90
859,18/04/2010,La Liga,H,Real Madrid,Valencia,2,0,1,0,90
860,15/04/2010,La Liga,A,Almeria,Real Madrid,1,2,1,0,90
861,10/04/2010,La Liga,H,Real Madrid,Barcelona,0,2,0,0,90
862,04/04/2010,La Liga,A,Racing Santander,Real Madrid,0,2,1,0,90
863,28/03/2010,La Liga,H,Real Madrid,Atletico Madrid,3,2,0,0,90
864,25/03/2010,La Liga,A,Getafe,Real Madrid,2,4,2,0,90
865,20/03/2010,La Liga,H,Real Madrid,Sporting Gijon,3,1,0,1,90
866,14/03/2010,La Liga,A,Real Valladolid,Real Madrid,1,4,1,1,90
867,10/03/2010,Champs League,H,Real Madrid,Lyon,1,1,1,0,90
868,06/03/2010,La Liga,H,Real Madrid,Sevilla,3,2,1,0,90
869,03/03/2010,International Friendly,H,Portugal,China,2,0,0,1,45
870,27/02/2010,La Liga,A,Tenerife,Real Madrid,1,5,1,0,90
871,21/02/2010,La Liga,H,Real Madrid,Villarreal,6,2,1,2,90
872,16/02/2010,Champs League,A,Lyon,Real Madrid,1,0,0,0,90
873,13/02/2010,La Liga,A,Xerez,Real Madrid,0,3,2,0,90
874,24/01/2010,La Liga,H,Real Madrid,Malaga,2,0,2,0,70
875,16/01/2010,La Liga,A,Athletic Bilbao,Real Madrid,1,0,0,0,90
876,10/01/2010,La Liga,H,Real Madrid,Mallorca,2,0,0,0,90
877,03/01/2010,La Liga,A,Osasuna,Real Madrid,0,0,0,0,90
878,19/12/2009,La Liga,H,Real Madrid,Real Zaragoza,6,0,1,0,90
879,08/12/2009,Champs League,A,Marseille,Real Madrid,1,3,2,1,90
880,05/12/2009,La Liga,H,Real Madrid,Almeria,4,2,1,1,88
881,29/11/2009,La Liga,A,Barcelona,Real Madrid,1,0,0,0,66
882,25/11/2009,Champs League,H,Real Madrid,FC Zurich,1,0,0,0,20
883,10/10/2009,World Cup Qualifier,H,Portugal,Hungary,3,0,0,0,27
884,30/09/2009,Champs League,H,Real Madrid,Marseille,3,0,2,0,70
885,26/09/2009,La Liga,H,Real Madrid,Tenerife,3,0,0,0,80
886,23/09/2009,La Liga,A,Villarreal,Real Madrid,0,2,1,0,90
887,20/09/2009,La Liga,H,Real Madrid,Xerez,5,0,2,0,79
888,15/09/2009,Champs League,A,FC Zurich,Real Madrid,2,5,2,0,90
889,12/09/2009,La Liga,A,Espanyol,Real Madrid,0,3,1,0,25
890,09/09/2009,World Cup Qualifier,A,Hungary,Portugal,0,1,0,0,90
891,05/09/2009,World Cup Qualifier,A,Denmark,Portugal,1,1,0,0,90
892,29/08/2009,La Liga,H,Real Madrid,Deportivo La Coruna,3,2,1,0,90
893,06/06/2009,World Cup Qualifier,A,Albania,Portugal,1,2,0,0,90
894,27/05/2009,Champs League,N,Manchester United,Barcelona,0,2,0,0,90
895,16/05/2009,Premier League,H,Manchester United,Arsenal,0,0,0,0,90
896,13/05/2009,Premier League,A,Wigan Athletic,Manchester United,1,2,0,0,90
897,10/05/2009,Premier League,H,Manchester United,Manchester City,2,0,1,0,59
898,05/05/2009,Champs League,A,Arsenal,Manchester United,1,3,2,1,90
899,29/04/2009,Champs League,H,Manchester United,Arsenal,1,0,0,0,90
900,25/04/2009,Premier League,H,Manchester United,Tottenham Hotspur,5,2,2,1,90
901,22/04/2009,Premier League,H,Manchester United,Portsmouth,2,0,0,0,90
902,15/04/2009,Champs League,A,FC Porto,Manchester United,0,1,1,0,90
903,11/04/2009,Premier League,A,Sunderland,Manchester United,1,2,0,0,21
904,07/04/2009,Champs League,H,Manchester United,FC Porto,2,2,0,0,90
905,05/04/2009,Premier League,H,Manchester United,Aston Villa,3,2,2,0,90
906,31/03/2009,International Friendly,N,Portugal,South Africa,2,0,0,0,33
907,28/03/2009,World Cup Qualifier,H,Portugal,Sweden,0,0,0,0,90
908,21/03/2009,Premier League,A,Fulham,Manchester United,2,0,0,0,90
909,14/03/2009,Premier League,H,Manchester United,Liverpool,1,4,1,0,90
910,11/03/2009,Champs League,H,Manchester United,Inter Milan,2,0,1,0,90
911,04/03/2009,Premier League,A,Newcastle United,Manchester United,1,2,0,0,90
912,01/03/2009,League Cup,N,Manchester United,Tottenham Hotspur,0,0,0,0,120
913,24/02/2009,Champs League,A,Inter Milan,Manchester United,0,0,0,0,90
914,21/02/2009,Premier League,H,Manchester United,Blackburn Rovers,2,1,1,0,90
915,18/02/2009,Premier League,H,Manchester United,Fulham,3,0,0,0,90
916,15/02/2009,FA Cup,A,Derby County,Manchester United,1,4,1,0,72
917,11/02/2009,International Friendly,H,Portugal,Finland,1,0,1,0,90
918,08/02/2009,Premier League,A,West Ham United,Manchester United,0,1,0,0,90
919,31/01/2009,Premier League,H,Manchester United,Everton,1,0,1,0,90
920,27/01/2009,Premier League,A,West Bromwich Albion,Manchester United,0,5,2,0,90
921,24/01/2009,FA Cup,H,Manchester United,Tottenham Hotspur,2,1,0,0,72
922,20/01/2009,League Cup,H,Manchester United,Derby County,4,2,1,0,32
923,17/01/2009,Premier League,A,Bolton Wanderers,Manchester United,0,1,0,0,90
924,14/01/2009,Premier League,H,Manchester United,Wigan Athletic,1,0,0,1,90
925,11/01/2009,Premier League,H,Manchester United,Chelsea,3,0,0,1,90
926,07/01/2009,League Cup,A,Derby County,Manchester United,1,0,0,0,27
927,29/12/2008,Premier League,H,Manchester United,Middlesbrough,1,0,0,0,85
928,26/12/2008,Premier League,A,Stoke City,Manchester United,0,1,0,0,90
929,21/12/2008,Club World Cup,N,Manchester United,Liga de Quito,1,0,0,1,90
930,18/12/2008,Club World Cup,N,Manchester United,Gamba Osaka,5,3,1,0,90
931,13/12/2008,Premier League,A,Tottenham Hotspur,Manchester United,0,0,0,0,90
932,06/12/2008,Premier League,H,Manchester United,Sunderland,1,0,0,0,68
933,30/11/2008,Premier League,A,Manchester City,Manchester United,0,1,0,0,68
934,25/11/2008,Champs League,A,Villarreal,Manchester United,0,0,0,0,90
935,22/11/2008,Premier League,A,Aston Villa,Manchester United,0,0,0,0,82
936,20/11/2008,International Friendly,A,Brazil,Portugal,6,2,0,0,90
937,15/11/2008,Premier League,H,Manchester United,Stoke City,5,0,2,1,90
938,08/11/2008,Premier League,A,Arsenal,Manchester United,2,1,0,0,90
939,05/11/2008,Champs League,A,Celtic,Manchester United,1,1,0,0,90
940,01/11/2008,Premier League,H,Manchester United,Hull City,4,3,2,0,90
941,29/10/2008,Premier League,H,Manchester United,West Ham United,2,0,2,0,90
942,25/10/2008,Premier League,A,Everton,Manchester United,1,1,0,0,90
943,21/10/2008,Champs League,H,Manchester United,Celtic,3,0,0,0,82
944,18/10/2008,Premier League,H,Manchester United,West Bromwich Albion,4,0,1,0,90
945,15/10/2008,World Cup Qualifier,H,Portugal,Albania,0,0,0,0,90
946,11/10/2008,World Cup Qualifier,A,Sweden,Portugal,0,0,0,0,90
947,04/10/2008,Premier League,A,Blackburn Rovers,Manchester United,0,2,0,1,90
948,30/09/2008,Champs League,A,Aalborg,Manchester United,0,3,0,1,90
949,27/09/2008,Premier League,H,Manchester United,Bolton Wanderers,2,0,1,1,80
950,23/09/2008,League Cup,H,Manchester United,Middlesbrough,3,1,1,0,61
951,21/09/2008,Premier League,A,Chelsea,Manchester United,1,1,0,0,35
952,17/09/2008,Champs League,H,Manchester United,Villarreal,0,0,0,0,28
953,19/06/2008,UEFA Euros,N,Portugal,Germany,2,3,0,0,90
954,11/06/2008,UEFA Euros,N,Portugal,Czech Republic,3,1,1,1,90
955,07/06/2008,UEFA Euros,N,Portugal,Turkey,2,0,0,0,90
956,31/05/2008,International Friendly,H,Portugal,Georgia,2,0,0,0,45
957,21/05/2008,Champs League,N,Manchester United,Chelsea,1,1,1,0,120
958,11/05/2008,Premier League,A,Wigan Athletic,Manchester United,0,2,1,0,90
959,03/05/2008,Premier League,H,Manchester United,West Ham United,4,1,2,1,64
960,29/04/2008,Champs League,H,Manchester United,Barcelona,1,0,0,0,90
961,26/04/2008,Premier League,A,Chelsea,Manchester United,2,1,0,0,27
962,23/04/2008,Champs League,A,Barcelona,Manchester United,0,0,0,0,90
963,19/04/2008,Premier League,A,Blackburn Rovers,Manchester United,1,1,0,0,90
964,13/04/2008,Premier League,H,Manchester United,Arsenal,2,1,1,0,90
965,06/04/2008,Premier League,A,Middlesbrough,Manchester United,2,2,1,0,90
966,01/04/2008,Champs League,A,Roma,Manchester United,0,2,1,0,90
967,29/03/2008,Premier League,H,Manchester United,Aston Villa,4,0,1,3,90
968,23/03/2008,Premier League,H,Manchester United,Liverpool,3,0,1,0,90
969,19/03/2008,Premier League,H,Manchester United,Bolton Wanderers,2,0,2,0,90
970,15/03/2008,Premier League,A,Derby County,Manchester United,0,1,1,0,90
971,08/03/2008,FA Cup,H,Manchester United,Portsmouth,0,1,0,0,90
972,04/03/2008,Champs League,H,Manchester United,Lyon,1,0,1,0,89
973,01/03/2008,Premier League,A,Fulham,Manchester United,0,3,0,0,21
974,23/02/2008,Premier League,A,Newcastle United,Manchester United,1,5,2,1,67
975,20/02/2008,Champs League,A,Lyon,Manchester United,1,1,0,0,90
976,10/02/2008,Premier League,H,Manchester United,Manchester City,1,2,0,0,90
977,06/02/2008,International Friendly,H,Portugal,Italy,1,3,0,0,90
978,02/02/2008,Premier League,A,Tottenham Hotspur,Manchester United,1,1,0,0,90
979,30/01/2008,Premier League,H,Manchester United,Portsmouth,2,0,2,0,74
980,27/01/2008,FA Cup,H,Manchester United,Tottenham Hotspur,3,1,2,0,90
981,19/01/2008,Premier League,A,Reading,Manchester United,0,2,1,0,90
982,12/01/2008,Premier League,H,Manchester United,Newcastle United,6,0,3,0,90
983,05/01/2008,FA Cup,A,Aston Villa,Manchester United,0,2,1,0,90
984,01/01/2008,Premier League,H,Manchester United,Birmingham City,1,0,0,1,90
985,29/12/2007,Premier League,A,West Ham United,Manchester United,2,1,1,0,90
986,26/12/2007,Premier League,A,Sunderland,Manchester United,0,4,1,0,57
987,23/12/2007,Premier League,H,Manchester United,Everton,2,1,2,0,90
988,16/12/2007,Premier League,A,Liverpool,Manchester United,0,1,0,0,90
989,08/12/2007,Premier League,H,Manchester United,Derby County,4,1,1,0,90
990,03/12/2007,Premier League,H,Manchester United,Fulham,2,0,2,0,90
991,27/11/2007,Champs League,H,Manchester United,Sporting CP,2,1,1,1,90
992,21/11/2007,Euros Qualifier,H,Portugal,Finland,0,0,0,0,90
993,17/11/2007,Euros Qualifier,H,Portugal,Armenia,1,0,0,0,90
994,11/11/2007,Premier League,H,Manchester United,Blackburn Rovers,2,0,2,0,90
995,07/11/2007,Champs League,H,Manchester United,Dynamo Kyiv,4,0,1,0,90
996,03/11/2007,Premier League,A,Arsenal,Manchester United,2,2,1,0,90
997,27/10/2007,Premier League,H,Manchester United,Middlesbrough,4,1,0,0,90
998,23/10/2007,Champs League,A,Dynamo Kyiv,Manchester United,2,4,2,0,90
999,20/10/2007,Premier League,A,Aston Villa,Manchester United,1,4,0,0,14
1000,17/10/2007,Euros Qualifier,A,Kazakhstan,Portugal,1,2,1,0,90
1001,13/10/2007,Euros Qualifier,A,Azerbaijan,Portugal,0,2,0,0,90
1002,06/10/2007,Premier League,H,Manchester United,Wigan Athletic,4,0,2,0,90
1003,02/10/2007,Champs League,H,Manchester United,Roma,1,0,0,0,90
1004,29/09/2007,Premier League,A,Birmingham City,Manchester United,0,1,1,0,90
1005,23/09/2007,Premier League,H,Manchester United,Chelsea,2,0,0,0,90
1006,19/09/2007,Champs League,A,Sporting CP,Manchester United,0,1,1,0,87
1007,15/09/2007,Premier League,A,Everton,Manchester United,0,1,0,0,90
1008,12/09/2007,Euros Qualifier,H,Portugal,Serbia,1,1,0,0,90
1009,08/09/2007,Euros Qualifier,H,Portugal,Poland,2,2,1,0,90
1010,22/08/2007,Euros Qualifier,A,Armenia,Portugal,1,1,1,0,90
1011,15/08/2007,Premier League,A,Portsmouth,Manchester United,1,1,0,0,85
1012,12/08/2007,Premier League,H,Manchester United,Reading,0,0,0,0,90
1013,05/08/2007,FA Community Shield,N,Manchester United,Chelsea,1,1,0,0,120
1014,19/05/2007,FA Cup,N,Manchester United,Chelsea,0,1,0,0,120
1015,13/05/2007,Premier League,H,Manchester United,West Ham United,0,1,0,0,32
1016,05/05/2007,Premier League,A,Manchester City,Manchester United,0,1,1,0,90
1017,02/05/2007,Champs League,A,AC Milan,Manchester United,3,0,0,0,90
1018,28/04/2007,Premier League,A,Everton,Manchester United,2,4,0,0,27
1019,24/04/2007,Champs League,H,Manchester United,AC Milan,3,2,1,0,90
1020,21/04/2007,Premier League,H,Manchester United,Middlesbrough,1,1,0,0,90
1021,17/04/2007,Premier League,H,Manchester United,Sheffield United,2,0,0,1,90
1022,14/04/2007,FA Cup,N,Manchester United,Watford,4,1,1,0,78
1023,10/04/2007,Champs League,H,Manchester United,Roma,7,1,2,1,90
1024,07/04/2007,Premier League,A,Portsmouth,Manchester United,2,1,0,0,90
1025,04/04/2007,Champs League,A,Roma,Manchester United,2,1,0,0,90
1026,31/03/2007,Premier League,H,Manchester United,Blackburn Rovers,4,1,0,0,84
1027,28/03/2007,Euros Qualifier,A,Serbia,Portugal,1,1,0,0,90
1028,24/03/2007,Euros Qualifier,H,Portugal,Belgium,4,0,2,1,78
1029,19/03/2007,FA Cup,H,Manchester United,Middlesbrough,1,0,1,0,90
1030,17/03/2007,Premier League,H,Manchester United,Bolton Wanderers,4,1,0,2,70
1031,10/03/2007,FA Cup,A,Middlesbrough,Manchester United,2,2,1,0,90
1032,07/03/2007,Champs League,H,Manchester United,Lille,1,0,0,1,82
1033,03/03/2007,Premier League,A,Liverpool,Manchester United,0,1,0,0,90
1034,27/02/2007,FA Cup,A,Reading,Manchester United,2,3,0,0,2
1035,24/02/2007,Premier League,A,Fulham,Manchester United,1,2,1,0,90
1036,20/02/2007,Champs League,A,Lille,Manchester United,0,1,0,0,67
1037,17/02/2007,FA Cup,H,Manchester United,Reading,1,1,0,1,90
1038,06/02/2007,International Friendly,N,Portugal,Brazil,2,0,0,0,63
1039,04/02/2007,Premier League,A,Tottenham Hotspur,Manchester United,0,4,1,1,68
1040,31/01/2007,Premier League,H,Manchester United,Watford,4,0,1,1,90
1041,21/01/2007,Premier League,A,Arsenal,Manchester United,2,1,0,0,90
1042,13/01/2007,Premier League,H,Manchester United,Aston Villa,3,1,1,0,90
1043,07/01/2007,FA Cup,H,Manchester United,Aston Villa,2,1,0,0,90
1044,01/01/2007,Premier League,A,Newcastle United,Manchester United,2,2,0,1,90
1045,30/12/2006,Premier League,H,Manchester United,Reading,3,2,2,1,78
1046,26/12/2006,Premier League,H,Manchester United,Wigan Athletic,3,1,2,0,45
1047,23/12/2006,Premier League,A,Aston Villa,Manchester United,0,3,2,0,90
1048,17/12/2006,Premier League,A,West Ham United,Manchester United,1,0,0,0,90
1049,09/12/2006,Premier League,H,Manchester United,Manchester City,3,1,1,1,90
1050,06/12/2006,Champs League,H,Manchester United,Benfica,3,1,0,1,90
1051,02/12/2006,Premier League,A,Middlesbrough,Manchester United,1,2,0,0,86
1052,29/11/2006,Premier League,H,Manchester United,Everton,3,0,1,0,68
1053,26/11/2006,Premier League,H,Manchester United,Chelsea,1,1,0,0,86
1054,21/11/2006,Champs League,A,Celtic,Manchester United,1,0,0,0,90
1055,18/11/2006,Premier League,A,Sheffield United,Manchester United,1,2,0,0,90
1056,15/11/2006,Euros Qualifier,H,Portugal,Kazakhstan,3,0,1,0,58
1057,11/11/2006,Premier League,A,Blackburn Rovers,Manchester United,0,1,0,0,90
1058,07/11/2006,League Cup,A,Southend United,Manchester United,1,0,0,0,90
1059,04/11/2006,Premier League,H,Manchester United,Portsmouth,3,0,1,0,75
1060,01/11/2006,Champs League,A,FC Copenhagen,Manchester United,1,0,0,0,90
1061,28/10/2006,Premier League,A,Bolton Wanderers,Manchester United,0,4,1,0,90
1062,17/10/2006,Champs League,H,Manchester United,FC Copenhagen,3,0,0,1,90
1063,11/10/2006,Euros Qualifier,A,Poland,Portugal,2,1,0,0,90
1064,07/10/2006,Euros Qualifier,H,Portugal,Azerbaijan,3,0,2,0,73
1065,01/10/2006,Premier League,H,Manchester United,Newcastle United,2,0,0,0,90
1066,26/09/2006,Champs League,A,Benfica,Manchester United,0,1,0,1,90
1067,23/09/2006,Premier League,A,Reading,Manchester United,1,1,1,0,90
1068,17/09/2006,Premier League,H,Manchester United,Arsenal,0,1,0,0,90
1069,09/09/2006,Premier League,H,Manchester United,Tottenham Hotspur,1,0,0,0,90
1070,06/09/2006,Euros Qualifier,A,Finland,Portugal,1,1,0,0,90
1071,01/09/2006,International Friendly,A,Denmark,Portugal,4,2,0,1,66
1072,26/08/2006,Premier League,A,Watford,Manchester United,1,2,0,0,90
1073,23/08/2006,Premier League,A,Charlton Athletic,Manchester United,0,3,0,0,90
1074,20/08/2006,Premier League,H,Manchester United,Fulham,5,1,1,0,90
1075,08/07/2006,World Cup,A,Germany,Portugal,3,1,0,0,90
1076,05/07/2006,World Cup,N,Portugal,France,0,1,0,0,90
1077,01/07/2006,World Cup,N,Portugal,England,0,0,0,0,120
1078,25/06/2006,World Cup,N,Portugal,Netherlands,1,0,0,0,34
1079,17/06/2006,World Cup,N,Portugal,Iran,2,0,1,0,90
1080,11/06/2006,World Cup,N,Portugal,Angola,1,0,0,0,60
1081,03/06/2006,International Friendly,N,Portugal,Luxembourg,3,0,0,0,70
1082,27/05/2006,International Friendly,H,Portugal,Cape Verde,4,1,0,0,61
1083,07/05/2006,Premier League,H,Manchester United,Charlton Athletic,4,0,1,0,90
1084,01/05/2006,Premier League,H,Manchester United,Middlesbrough,0,0,0,0,34
1085,29/04/2006,Premier League,A,Chelsea,Manchester United,3,0,0,0,64
1086,17/04/2006,Premier League,A,Tottenham Hotspur,Manchester United,1,2,0,1,90
1087,14/04/2006,Premier League,H,Manchester United,Sunderland,0,0,0,0,90
1088,09/04/2006,Premier League,H,Manchester United,Arsenal,2,0,0,0,90
1089,01/04/2006,Premier League,A,Bolton Wanderers,Manchester United,1,2,0,0,90
1090,29/03/2006,Premier League,H,Manchester United,West Ham United,1,0,0,0,87
1091,26/03/2006,Premier League,H,Manchester United,Birmingham City,3,0,0,1,90
1092,18/03/2006,Premier League,A,West Bromwich Albion,Manchester United,1,2,0,1,90
1093,12/03/2006,Premier League,H,Manchester United,Newcastle United,2,0,0,0,75
1094,06/03/2006,Premier League,A,Wigan Athletic,Manchester United,1,2,1,0,90
1095,01/03/2006,International Friendly,N,Portugal,Saudi Arabia,3,0,2,0,90
1096,26/02/2006,League Cup,N,Manchester United,Wigan Athletic,4,0,1,0,73
1097,18/02/2006,FA Cup,A,Liverpool,Manchester United,1,0,0,0,90
1098,11/02/2006,Premier League,A,Portsmouth,Manchester United,1,3,2,0,90
1099,04/02/2006,Premier League,H,Manchester United,Fulham,4,2,2,0,90
1100,01/02/2006,Premier League,A,Blackburn Rovers,Manchester United,4,3,0,1,90
1101,14/01/2006,Premier League,A,Manchester City,Manchester United,3,1,0,0,66
1102,11/01/2006,League Cup,A,Blackburn Rovers,Manchester United,1,1,0,0,90
1103,08/01/2006,FA Cup,A,Burton Albion,Manchester United,0,0,0,0,31
1104,03/01/2006,Premier League,A,Arsenal,Manchester United,0,0,0,0,90
1105,31/12/2005,Premier League,H,Manchester United,Bolton Wanderers,4,1,2,0,90
1106,28/12/2005,Premier League,A,Birmingham City,Manchester United,2,2,0,0,83
1107,20/12/2005,League Cup,A,Birmingham City,Manchester United,1,3,0,1,90
1108,17/12/2005,Premier League,A,Aston Villa,Manchester United,0,2,0,0,28
1109,14/12/2005,Premier League,H,Manchester United,Wigan Athletic,4,0,0,0,20
1110,11/12/2005,Premier League,H,Manchester United,Everton,1,1,0,0,26
1111,07/12/2005,Champs League,A,Benfica,Manchester United,2,1,0,0,67
1112,03/12/2005,Premier League,H,Manchester United,Portsmouth,3,0,0,1,25
1113,30/11/2005,League Cup,H,Manchester United,West Bromwich Albion,3,1,1,0,90
1114,22/11/2005,Champs League,H,Manchester United,Villarreal,0,0,0,0,90
1115,19/11/2005,Premier League,A,Charlton Athletic,Manchester United,1,3,0,0,75
1116,15/11/2005,International Friendly,A,Northern Ireland,Portugal,1,1,0,0,68
1117,12/11/2005,International Friendly,H,Portugal,Croatia,2,0,0,1,76
1118,06/11/2005,Premier League,H,Manchester United,Chelsea,1,0,0,1,90
1119,02/11/2005,Champs League,A,Lille,Manchester United,1,0,0,0,89
1120,29/10/2005,Premier League,A,Middlesbrough,Manchester United,4,1,1,0,30
1121,22/10/2005,Premier League,H,Manchester United,Tottenham Hotspur,1,1,0,0,15
1122,18/10/2005,Champs League,H,Manchester United,Lille,0,0,0,0,90
1123,15/10/2005,Premier League,A,Sunderland,Manchester United,1,3,0,0,89
1124,12/10/2005,World Cup Qualifier,H,Portugal,Latvia,3,0,0,0,45
1125,08/10/2005,World Cup Qualifier,H,Portugal,Liechtenstein,2,1,0,1,84
1126,01/10/2005,Premier League,A,Fulham,Manchester United,2,3,0,0,13
1127,27/09/2005,Champs League,H,Manchester United,Benfica,2,1,0,0,90
1128,24/09/2005,Premier League,H,Manchester United,Blackburn Rovers,1,2,0,0,90
1129,18/09/2005,Premier League,A,Liverpool,Manchester United,0,0,0,0,90
1130,14/09/2005,Champs League,A,Villarreal,Manchester United,0,0,0,0,80
1131,07/09/2005,World Cup Qualifier,A,Russia,Portugal,0,0,0,0,90
1132,03/09/2005,World Cup Qualifier,H,Portugal,Luxembourg,6,0,0,0,62
1133,28/08/2005,Premier League,A,Newcastle United,Manchester United,0,2,0,0,85
1134,24/08/2005,Champions League Qualifying,A,Debrecen,Manchester United,0,3,0,1,90
1135,20/08/2005,Premier League,H,Manchester United,Aston Villa,1,0,0,0,31
1136,09/08/2005,Champions League Qualifying,H,Manchester United,Debrecen,3,0,1,0,67
1137,08/06/2005,World Cup Qualifier,A,Estonia,Portugal,0,1,1,0,88
1138,04/06/2005,World Cup Qualifier,H,Portugal,Slovakia,2,0,1,0,77
1139,21/05/2005,FA Cup,N,Manchester United,Arsenal,0,0,0,0,120
1140,10/05/2005,Premier League,H,Manchester United,Chelsea,1,3,0,0,90
1141,07/05/2005,Premier League,H,Manchester United,West Bromwich Albion,1,1,0,0,90
1142,24/04/2005,Premier League,H,Manchester United,Newcastle United,2,1,0,0,54
1143,20/04/2005,Premier League,A,Everton,Manchester United,1,0,0,0,90
1144,17/04/2005,FA Cup,N,Manchester United,Newcastle United,4,1,1,2,78
1145,09/04/2005,Premier League,A,Norwich City,Manchester United,2,0,0,0,69
1146,02/04/2005,Premier League,H,Manchester United,Blackburn Rovers,0,0,0,0,90
1147,30/03/2005,World Cup Qualifier,A,Slovakia,Portugal,1,1,0,0,90
1148,26/03/2005,International Friendly,H,Portugal,Canada,4,1,0,0,45
1149,19/03/2005,Premier League,H,Manchester United,Fulham,1,0,1,0,90
1150,12/03/2005,FA Cup,A,Southampton,Manchester United,0,4,1,0,68
1151,08/03/2005,Champs League,A,AC Milan,Manchester United,1,0,0,0,90
1152,05/03/2005,Premier League,A,Crystal Palace,Manchester United,0,0,0,0,35
1153,26/02/2005,Premier League,H,Manchester United,Portsmouth,2,1,0,0,90
1154,23/02/2005,Champs League,H,Manchester United,AC Milan,0,1,0,0,62
1155,19/02/2005,FA Cup,A,Everton,Manchester United,0,2,1,1,90
1156,13/02/2005,Premier League,A,Manchester City,Manchester United,0,2,0,0,58
1157,09/02/2005,International Friendly,A,Republic of Ireland,Portugal,1,0,0,0,70
1158,05/02/2005,Premier League,H,Manchester United,Birmingham City,2,0,0,1,90
1159,01/02/2005,Premier League,A,Arsenal,Manchester United,2,4,2,0,71
1160,29/01/2005,FA Cup,H,Manchester United,Middlesbrough,3,0,0,0,72
1161,26/01/2005,League Cup,H,Manchester United,Chelsea,1,2,0,0,90
1162,22/01/2005,Premier League,H,Manchester United,Aston Villa,3,1,1,0,90
1163,19/01/2005,FA Cup,A,Exeter City,Manchester United,0,2,1,0,90
1164,15/01/2005,Premier League,A,Liverpool,Manchester United,0,1,0,1,67
1165,12/01/2005,League Cup,A,Chelsea,Manchester United,0,0,0,0,90
1166,08/01/2005,FA Cup,H,Manchester United,Exeter City,0,0,0,0,27
1167,04/01/2005,Premier League,H,Manchester United,Tottenham Hotspur,0,0,0,0,83
1168,01/01/2005,Premier League,A,Middlesbrough,Manchester United,0,2,0,0,77
1169,28/12/2004,Premier League,A,Aston Villa,Manchester United,0,1,0,0,30
1170,26/12/2004,Premier League,H,Manchester United,Bolton Wanderers,2,0,0,1,69
1171,13/12/2004,Premier League,A,Fulham,Manchester United,1,1,0,0,90
1172,08/12/2004,Champs League,A,Fenerbahce,Manchester United,3,0,0,0,90
1173,04/12/2004,Premier League,H,Manchester United,Southampton,3,0,1,0,90
1174,27/11/2004,Premier League,A,West Bromwich Albion,Manchester United,0,3,0,0,19
1175,23/11/2004,Champs League,H,Manchester United,Lyon,2,1,0,0,90
1176,17/11/2004,World Cup Qualifier,A,Luxembourg,Portugal,0,5,1,0,90
1177,14/11/2004,Premier League,A,Newcastle United,Manchester United,1,3,0,0,83
1178,07/11/2004,Premier League,H,Manchester United,Manchester City,0,0,0,0,90
1179,03/11/2004,Champs League,H,Manchester United,Sparta Prague,4,1,0,0,69
1180,30/10/2004,Premier League,A,Portsmouth,Manchester United,2,0,0,0,90
1181,24/10/2004,Premier League,H,Manchester United,Arsenal,2,0,0,0,85
1182,19/10/2004,Champs League,A,Sparta Prague,Manchester United,0,0,0,0,10
1183,16/10/2004,Premier League,A,Birmingham City,Manchester United,0,0,0,0,76
1184,13/10/2004,World Cup Qualifier,H,Portugal,Russia,7,1,2,1,85
1185,09/10/2004,World Cup Qualifier,A,Liechtenstein,Portugal,2,2,0,0,62
1186,03/10/2004,Premier League,H,Manchester United,Middlesbrough,1,1,0,1,90
1187,25/09/2004,Premier League,A,Tottenham Hotspur,Manchester United,0,1,0,0,90
1188,20/09/2004,Premier League,H,Manchester United,Liverpool,2,1,0,0,90
1189,15/09/2004,Champs League,A,Lyon,Manchester United,2,2,0,1,90
1190,11/09/2004,Premier League,A,Bolton Wanderers,Manchester United,2,2,0,0,26
1191,08/09/2004,World Cup Qualifier,H,Portugal,Estonia,4,0,1,2,90
1192,04/09/2004,World Cup Qualifier,A,Latvia,Portugal,0,2,1,1,82
1193,30/08/2004,Premier League,H,Manchester United,Everton,0,0,0,0,81
1194,28/08/2004,Premier League,A,Blackburn Rovers,Manchester United,1,1,0,0,90
1195,25/08/2004,Champions League Qualifying,H,Manchester United,Dinamo Bucharest,3,0,0,0,64
1196,21/08/2004,Premier League,H,Manchester United,Norwich City,2,1,0,0,6
1197,04/07/2004,UEFA Euros,H,Portugal,Greece,0,1,0,0,90
1198,30/06/2004,UEFA Euros,H,Portugal,Netherlands,2,1,1,1,67
1199,24/06/2004,UEFA Euros,H,Portugal,England,2,2,0,0,120
1200,20/06/2004,UEFA Euros,H,Portugal,Spain,1,0,0,0,85
1201,16/06/2004,UEFA Euros,H,Portugal,Russia,2,0,0,1,12
1202,12/06/2004,UEFA Euros,H,Portugal,Greece,1,2,1,0,45
1203,05/06/2004,International Friendly,H,Portugal,Lithuania,4,1,0,0,26
1204,29/05/2004,International Friendly,H,Portugal,Luxembourg,3,0,0,0,45
1205,22/05/2004,FA Cup,N,Manchester United,Millwall,3,0,1,0,84
1206,15/05/2004,Premier League,A,Aston Villa,Manchester United,0,2,1,0,85
1207,08/05/2004,Premier League,H,Manchester United,Chelsea,1,1,0,0,87
1208,28/04/2004,International Friendly,H,Portugal,Sweden,2,2,0,1,28
1209,24/04/2004,Premier League,H,Manchester United,Liverpool,0,1,0,0,90
1210,20/04/2004,Premier League,H,Manchester United,Charlton Athletic,2,0,0,0,7
1211,17/04/2004,Premier League,A,Portsmouth,Manchester United,1,0,0,0,32
1212,13/04/2004,Premier League,H,Manchester United,Leicester City,1,0,0,0,90
1213,10/04/2004,Premier League,A,Birmingham City,Manchester United,1,2,1,0,35
1214,03/04/2004,FA Cup,N,Manchester United,Arsenal,1,0,0,0,84
1215,31/03/2004,International Friendly,H,Portugal,Italy,1,2,0,0,45
1216,20/03/2004,Premier League,H,Manchester United,Tottenham Hotspur,3,0,1,0,16
1217,14/03/2004,Premier League,A,Manchester City,Manchester United,4,1,0,0,72
1218,09/03/2004,Champs League,H,Manchester United,FC Porto,1,1,0,0,8
1219,06/03/2004,FA Cup,H,Manchester United,Fulham,2,1,0,1,88
1220,28/02/2004,Premier League,A,Fulham,Manchester United,1,1,0,1,90
1221,25/02/2004,Champs League,A,FC Porto,Manchester United,2,1,0,0,14
1222,18/02/2004,International Friendly,H,Portugal,England,1,1,0,0,45
1223,14/02/2004,FA Cup,H,Manchester United,Manchester City,4,2,1,0,90
1224,11/02/2004,Premier League,H,Manchester United,Middlesbrough,2,3,0,0,27
1225,07/02/2004,Premier League,A,Everton,Manchester United,3,4,0,1,11
1226,31/01/2004,Premier League,H,Manchester United,Southampton,3,2,0,0,90
1227,25/01/2004,FA Cup,A,Northampton Town,Manchester United,0,3,0,1,90
1228,17/01/2004,Premier League,A,Wolverhampton Wanderers,Manchester United,1,0,0,0,90
1229,26/12/2003,Premier League,H,Manchester United,Everton,3,2,0,1,90
1230,21/12/2003,Premier League,A,Tottenham Hotspur,Manchester United,1,2,0,0,11
1231,13/12/2003,Premier League,H,Manchester United,Manchester City,3,1,0,0,16
1232,06/12/2003,Premier League,H,Manchester United,Aston Villa,4,0,0,0,90
1233,03/12/2003,League Cup,A,West Bromwich Albion,Manchester United,2,0,0,0,77
1234,30/11/2003,Premier League,A,Chelsea,Manchester United,1,0,0,0,19
1235,26/11/2003,Champs League,A,Panathinaikos,Manchester United,0,1,0,0,90
1236,22/11/2003,Premier League,H,Manchester United,Blackburn Rovers,2,1,0,0,18
1237,04/11/2003,Champs League,H,Manchester United,Glasgow Rangers,3,0,0,0,90
1238,01/11/2003,Premier League,H,Manchester United,Portsmouth,3,0,1,1,15
1239,25/10/2003,Premier League,H,Manchester United,Fulham,1,3,0,0,68
1240,18/10/2003,Premier League,A,Leeds United,Manchester United,0,1,0,0,90
1241,11/10/2003,International Friendly,H,Portugal,Albania,5,3,0,0,45
1242,01/10/2003,Champs League,A,VfB Stuttgart,Manchester United,2,1,0,0,89
1243,21/09/2003,Premier League,H,Manchester United,Arsenal,0,0,0,0,90
1244,13/09/2003,Premier League,A,Charlton Athletic,Manchester United,0,2,0,0,90
1245,31/08/2003,Premier League,A,Southampton,Manchester United,1,0,0,0,24
1246,27/08/2003,Premier League,H,Manchester United,Wolverhampton Wanderers,1,0,0,0,66
1247,23/08/2003,Premier League,A,Newcastle United,Manchester United,1,2,0,0,14
1248,20/08/2003,International Friendly,H,Portugal,Kazakhstan,1,0,0,0,45
1249,16/08/2003,Premier League,H,Manchester United,Bolton Wanderers,4,0,0,0,29
1250,01/06/2003,Primeira Liga,A,FC Porto,Sporting CP,2,0,0,0,71
1251,24/05/2003,Primeira Liga,H,Sporting CP,Vitoria Setubal,3,4,0,0,62
1252,17/05/2003,Primeira Liga,A,Nacional da Madeira,Sporting CP,1,1,0,0,90
1253,12/05/2003,Primeira Liga,H,Sporting CP,Leiria,1,1,0,0,26
1254,25/04/2003,Primeira Liga,H,Sporting CP,Beira-Mar,1,1,0,0,10
1255,19/04/2003,Primeira Liga,A,Maritimo de Funchal,Sporting CP,0,3,0,0,15
1256,06/04/2003,Primeira Liga,H,Sporting CP,Vitoria Guimaraes,1,1,0,0,23
1257,21/03/2003,Primeira Liga,A,Gil Vicente,Sporting CP,1,0,0,0,4
1258,16/03/2003,Primeira Liga,H,Sporting CP,Boavista,1,1,0,0,29
1259,09/03/2003,Taa de Portugal,H,Sporting CP,Naval,0,1,0,0,90
1260,01/03/2003,Primeira Liga,A,Belenenses,Sporting CP,1,1,0,0,5
1261,05/02/2003,Primeira Liga,H,Sporting CP,Acadmica,1,0,0,0,31
1262,25/01/2003,Primeira Liga,A,Santa Clara,Sporting CP,0,1,0,0,45
1263,11/01/2003,Primeira Liga,H,Sporting CP,FC Porto,0,1,0,0,19
1264,04/01/2003,Primeira Liga,A,Vitoria Setubal,Sporting CP,1,2,0,0,22
1265,22/12/2002,Primeira Liga,H,Sporting CP,Nacional da Madeira,2,0,0,0,15
1266,18/12/2002,Taa de Portugal,H,Sporting CP,FC Oliveira do Hospital,8,1,1,0,53
1267,14/12/2002,Primeira Liga,A,Leiria,Sporting CP,3,2,0,2,90
1268,07/12/2002,Primeira Liga,H,Sporting CP,Benfica,0,2,0,0,54
1269,30/11/2002,Primeira Liga,A,Beira-Mar,Sporting CP,1,3,0,1,10
1270,24/11/2002,Taa de Portugal,H,Sporting CP,Estarreja,4,1,1,0,29
1271,15/11/2002,Primeira Liga,H,Sporting CP,Maritimo de Funchal,2,0,0,0,74
1272,08/11/2002,Primeira Liga,A,Vitoria Guimaraes,Sporting CP,1,3,0,1,89
1273,02/11/2002,Primeira Liga,H,Sporting CP,Gil Vicente,0,3,0,0,90
1274,26/10/2002,Primeira Liga,A,Boavista,Sporting CP,1,2,1,0,8
1275,20/10/2002,Primeira Liga,H,Sporting CP,Belenenses,2,0,0,0,76
1276,07/10/2002,Primeira Liga,H,Sporting CP,Moreirense,3,0,2,0,90
1277,03/10/2002,UEFA Cup,A,Partizan Belgrade,Sporting CP,3,3,0,0,74
1278,29/09/2002,Primeira Liga,A,Sporting Braga,Sporting CP,4,2,0,0,21
1279,19/09/2002,UEFA Cup,H,Sporting CP,Partizan Belgrade,1,3,0,0,45
1280,14/08/2002,Champions League Qualifying,H,Sporting CP,Inter Milan,0,0,0,0,32
